직원ID,이름,성별,직무,직급,입사연도,근속년수,학력,교육이수_건수,역량_사업관리,역량_고객관리,역량_품질생산관리,역량_AI/SW,역량_해외영업,역량_시험평가,역량_제어,역량_HR_AX,역량_열관리개발,역량_재무회계,역량_성능HW,역량평균,역량총점
E0001,안현우,남,사업지표·실적관리,대리,2018,8,학사,7,0.0,0.0,0.0,0.2,8.2,0.7,0.7,0.9,0.9,0.0,0.0,1.05,11.6
E0002,송정우,남,사업지표·실적관리,대리,2017,9,학사,8,0.4,0.6,0.0,0.4,7.6,0.4,0.6,0.7,0.3,0.3,0.4,1.06,11.7
E0003,조윤서,여,사업지표·실적관리,대리,2018,8,학사,2,0.2,0.0,0.0,0.0,7.1,0.2,0.0,0.0,0.2,0.2,0.3,0.75,8.2
E0004,조우진,남,사업지표·실적관리,대리,2021,5,학사,1,0.0,0.3,0.0,0.4,5.8,0.0,0.3,0.0,0.2,0.1,0.0,0.65,7.1
E0005,홍하윤,남,사업지표·실적관리,차장,2009,17,석사,5,0.0,0.0,0.3,0.0,10.5,0.1,0.1,0.4,0.8,1.2,0.2,1.24,13.6
E0006,한우진,남,사업지표·실적관리,대리,2025,1,학사,2,0.4,0.0,0.0,0.0,5.8,0.9,0.0,0.3,0.2,0.4,0.2,0.75,8.2
E0007,송하은,남,사업지표·실적관리,대리,2020,6,석사,4,0.0,0.7,0.7,0.0,7.1,0.6,0.0,0.0,0.3,0.0,0.5,0.9,9.9
E0008,류윤서,남,사업지표·실적관리,사원,2023,3,학사,2,0.0,0.0,0.4,0.2,6.4,0.0,0.0,0.4,0.1,0.1,0.0,0.69,7.6
E0009,신지우,남,사업전략수립,사원,2023,3,박사,4,1.4,0.0,0.0,0.0,5.7,0.0,0.9,0.0,0.0,0.7,1.2,0.9,9.9
E0010,전윤서,여,사업전략수립,사원,2025,1,학사,1,0.0,0.1,0.0,0.2,6.0,0.1,0.2,0.0,0.0,0.0,0.1,0.61,6.7
E0011,류지우,남,사업전략수립,사원,2017,9,학사,3,0.0,0.0,0.6,0.0,6.7,0.5,0.0,0.1,0.6,0.0,0.0,0.77,8.5
E0012,최민재,남,사업전략수립,과장,2014,12,학사,5,0.2,0.8,0.4,0.0,8.6,0.4,0.0,0.3,0.0,0.5,0.3,1.05,11.5
E0013,박유준,남,사업전략수립,과장,2013,13,석사,10,0.6,0.2,0.4,0.3,10.8,0.9,0.6,0.6,0.1,0.2,0.0,1.34,14.7
E0014,신소율,남,사업전략수립,사원,2023,3,석사,6,0.0,0.0,0.0,0.2,6.6,0.2,0.1,0.0,0.0,0.5,0.0,0.69,7.6
E0015,송예린,여,사업전략수립,차장,2007,19,박사,5,0.4,0.0,0.0,0.0,10.5,0.0,0.3,0.0,0.1,0.5,0.6,1.13,12.4
E0016,송지훈,남,사업전략수립,사원,2026,0,학사,3,0.0,0.4,0.0,0.3,5.0,0.0,0.2,0.0,0.6,0.2,0.5,0.65,7.2
E0017,권현우,여,사업전략수립,사원,2026,0,학사,2,0.0,0.1,0.0,0.1,5.6,0.0,0.0,0.0,0.0,0.0,0.8,0.6,6.6
E0018,강예린,여,사업전략수립,사원,2026,0,학사,2,0.2,0.0,0.0,0.0,5.6,0.0,0.8,0.4,0.2,0.0,0.2,0.67,7.4
E0019,권지우,남,사업전략수립,사원,2022,4,석사,4,0.2,0.0,0.9,0.1,6.0,0.3,0.1,0.3,0.0,0.4,0.7,0.82,9.0
E0020,송지훈,남,사업전략수립,대리,2022,4,박사,2,0.0,0.0,0.0,0.0,6.2,0.0,0.0,0.0,0.6,0.0,0.8,0.69,7.6
E0021,송은서,여,사업전략수립,사원,2023,3,학사,6,0.2,0.1,0.0,0.0,7.5,0.0,0.1,0.0,1.0,0.5,0.0,0.85,9.4
E0022,류성민,여,사업수익성관리,과장,2018,8,석사,7,0.6,0.0,0.2,0.0,1.0,9.0,0.3,0.2,0.3,0.2,0.0,1.07,11.8
E0023,황윤서,여,사업수익성관리,사원,2026,0,학사,4,0.0,0.3,0.6,0.0,0.0,7.1,1.0,0.0,0.0,0.0,0.0,0.82,9.0
E0024,정선우,남,사업수익성관리,차장,2012,14,학사,10,0.0,0.1,0.5,0.0,0.0,11.7,0.0,0.0,0.0,0.0,0.0,1.12,12.3
E0025,전수아,남,사업수익성관리,차장,2010,16,석사,7,0.3,0.3,0.6,0.8,0.0,10.1,0.4,0.9,0.0,0.0,0.0,1.22,13.4
E0026,안하은,남,사업수익성관리,사원,2026,0,학사,1,0.3,0.0,0.3,0.0,0.0,5.4,0.0,0.0,0.3,0.0,0.0,0.57,6.3
E0027,박선우,남,사업수익성관리,사원,2021,5,학사,4,0.3,0.3,0.0,0.0,0.9,7.7,0.0,0.0,0.1,0.4,0.7,0.95,10.4
E0028,임지훈,남,사업수익성관리,사원,2025,1,석사,4,0.0,0.0,0.7,0.7,0.6,6.7,0.6,0.0,0.1,0.0,0.7,0.92,10.1
E0029,송예준,남,사업수익성관리,대리,2023,3,학사,5,0.0,0.0,0.0,0.1,0.2,7.4,0.5,0.5,0.0,0.9,0.1,0.88,9.7
E0030,신예린,남,사업수익성관리,사원,2025,1,학사,0,0.0,0.1,0.1,0.0,0.0,5.7,0.0,0.0,0.0,0.0,0.0,0.54,5.9
E0031,류민준,여,사업수익성관리,대리,2017,9,석사,5,0.0,0.4,0.9,0.0,0.4,7.3,0.1,0.0,0.6,0.7,0.0,0.95,10.4
E0032,정민준,여,사업수익성관리,부장,2005,21,학사,7,1.1,0.4,0.0,0.0,0.0,12.4,0.5,0.3,0.0,0.0,0.0,1.34,14.7
E0033,한지우,남,사업수익성관리,대리,2021,5,학사,5,0.0,0.0,0.2,0.2,0.7,7.4,0.4,0.5,0.6,0.2,0.6,0.98,10.8
E0034,황성민,여,사업수익성관리,사원,2025,1,석사,4,0.2,0.0,0.5,0.4,0.9,6.2,0.4,0.2,0.5,0.1,0.0,0.85,9.4
E0035,송윤서,여,손익·원가관리,사원,2026,0,석사,1,0.0,0.0,0.0,0.0,0.0,0.0,0.4,0.0,0.4,4.9,0.1,0.53,5.8
E0036,홍다은,남,손익·원가관리,차장,2011,15,석사,8,0.7,0.8,1.1,0.1,0.3,0.0,0.2,0.0,0.3,10.3,0.2,1.27,14.0
E0037,류건우,남,손익·원가관리,과장,2016,10,학사,6,0.0,0.4,0.5,0.6,0.0,0.2,0.0,0.5,0.4,9.3,0.3,1.11,12.2
E0038,신건우,남,손익·원가관리,차장,2011,15,학사,13,0.6,0.5,0.0,0.0,0.4,0.4,0.0,0.1,0.5,13.0,0.3,1.44,15.8
E0039,정서윤,여,손익·원가관리,부장,2002,24,학사,8,0.0,1.2,0.2,0.4,0.5,0.5,0.8,0.8,1.2,9.8,1.8,1.56,17.2
E0040,조유준,남,손익·원가관리,차장,2011,15,학사,7,0.0,0.0,0.0,0.0,1.1,0.0,0.5,0.5,0.0,11.3,0.0,1.22,13.4
E0041,황도윤,남,손익·원가관리,대리,2026,0,학사,1,0.1,0.0,0.3,0.1,0.5,0.6,0.0,0.0,0.0,5.3,0.0,0.63,6.9
E0042,전준서,여,손익·원가관리,과장,2017,9,학사,2,0.4,0.0,0.3,0.0,0.0,0.0,0.2,0.3,0.0,9.0,0.4,0.96,10.6
E0043,이예준,남,손익·원가관리,차장,2007,19,학사,6,0.0,0.0,0.0,0.0,0.0,0.5,0.0,0.5,0.7,11.2,0.2,1.19,13.1
E0044,안지아,남,손익·원가관리,대리,2018,8,석사,7,0.0,0.0,0.0,0.0,0.9,0.6,0.0,0.1,0.0,8.9,0.8,1.03,11.3
E0045,홍서연,여,손익·원가관리,대리,2016,10,학사,8,0.0,0.0,0.8,0.0,0.1,0.0,0.5,0.8,0.3,9.0,0.3,1.07,11.8
E0046,안채원,여,매출·경영관리,대리,2019,7,박사,5,0.2,0.2,1.7,0.0,0.2,4.2,0.5,0.0,0.3,2.2,0.0,0.86,9.5
E0047,송선우,남,매출·경영관리,사원,2022,4,학사,1,0.2,0.3,1.1,0.0,0.2,3.9,0.2,0.0,0.0,2.8,0.1,0.8,8.8
E0048,윤수빈,남,매출·경영관리,과장,2013,13,석사,5,0.9,0.0,0.2,0.0,0.5,7.8,0.4,0.0,0.3,2.8,0.0,1.17,12.9
E0049,오하윤,남,매출·경영관리,사원,2023,3,학사,6,0.3,0.0,0.7,0.0,1.0,4.5,0.0,0.0,0.0,2.1,1.1,0.88,9.7
E0050,장선우,여,매출·경영관리,대리,2020,6,학사,4,0.4,0.8,0.3,0.0,0.0,4.4,0.0,0.1,0.0,2.9,0.0,0.81,8.9
E0051,정지아,남,매출·경영관리,대리,2017,9,학사,3,0.0,1.2,0.2,0.4,0.0,4.7,0.2,0.4,0.0,1.8,0.0,0.81,8.9
E0052,홍유준,남,매출·경영관리,사원,2026,0,학사,3,0.6,0.3,0.0,0.4,0.0,4.4,0.1,0.0,0.0,1.4,0.0,0.65,7.2
E0053,박우진,여,매출·경영관리,사원,2026,0,석사,3,0.0,0.0,0.1,0.0,0.5,3.7,0.0,0.0,0.0,2.6,0.0,0.63,6.9
E0054,윤하윤,남,매출·경영관리,과장,2012,14,학사,7,0.0,0.7,0.7,0.7,0.0,5.6,0.0,0.0,0.0,2.5,0.0,0.93,10.2
E0055,안재현,여,매출·경영관리,사원,2022,4,학사,3,0.6,0.0,0.0,0.0,0.0,5.1,0.0,0.1,0.5,1.8,0.2,0.75,8.3
E0056,강유준,남,매출·경영관리,사원,2024,2,석사,1,0.2,0.1,0.1,0.6,0.1,3.5,0.5,0.5,0.0,1.6,0.6,0.71,7.8
E0057,강예준,여,연결·내부회계공시,사원,2024,2,석사,2,5.7,0.1,0.5,0.0,0.6,0.2,0.4,0.0,0.2,0.1,0.0,0.71,7.8
E0058,권은서,남,연결·내부회계공시,과장,2012,14,석사,8,9.3,0.3,0.6,1.5,0.0,0.5,0.7,0.5,0.0,0.6,0.0,1.27,14.0
E0059,정준서,여,연결·내부회계공시,사원,2026,0,학사,3,5.5,0.5,0.4,0.0,0.0,0.0,0.0,0.0,0.2,0.3,1.0,0.72,7.9
E0060,조지호,여,연결·내부회계공시,사원,2023,3,박사,5,5.6,0.3,0.3,0.0,0.4,0.5,0.2,0.8,0.5,0.0,0.0,0.78,8.6
E0061,장예린,여,연결·내부회계공시,대리,2020,6,학사,6,8.1,0.1,0.0,0.9,0.0,0.0,0.3,0.0,0.5,0.3,0.7,0.99,10.9
E0062,황다은,여,연결·내부회계공시,대리,2023,3,학사,2,6.2,0.0,0.0,0.7,0.5,0.1,0.0,0.1,0.0,0.6,0.3,0.77,8.5
E0063,장지호,남,연결·내부회계공시,대리,2026,0,석사,3,6.9,0.1,0.0,0.0,0.0,0.0,0.0,0.0,0.0,0.0,0.2,0.65,7.2
E0064,신지아,남,연결·내부회계공시,과장,2016,10,석사,8,8.2,1.9,0.6,0.2,0.4,0.8,0.0,0.0,0.7,0.2,0.1,1.19,13.1
E0065,이지호,남,연결·내부회계공시,과장,2016,10,석사,4,7.9,0.4,0.2,0.0,0.3,0.1,0.6,0.4,0.1,0.6,0.4,1.0,11.0
E0066,박우진,남,연결·내부회계공시,차장,2010,16,학사,9,10.5,0.0,0.0,0.3,0.0,0.7,0.3,0.0,0.0,0.4,0.8,1.18,13.0
E0067,이하은,남,연결·내부회계공시,사원,2022,4,박사,5,7.0,0.0,0.0,0.0,0.0,0.9,0.3,0.0,0.3,0.0,0.5,0.82,9.0
E0068,정지유,남,안전·환경관리,차장,2009,17,석사,8,0.0,0.3,0.1,0.0,10.3,0.4,0.2,0.2,1.1,0.0,0.0,1.15,12.6
E0069,이현우,남,안전·환경관리,대리,2021,5,학사,3,0.0,0.0,0.2,0.2,7.1,0.4,0.1,0.2,0.1,0.0,0.3,0.78,8.6
E0070,김예준,남,안전·환경관리,부장,2004,22,학사,7,0.0,0.0,0.1,1.0,11.5,0.0,0.3,0.0,0.6,0.0,0.5,1.27,14.0
E0071,홍은서,남,안전·환경관리,사원,2022,4,학사,2,0.3,0.2,0.1,0.0,6.2,0.0,1.0,1.2,0.2,0.2,0.0,0.85,9.4
E0072,권성민,여,안전·환경관리,대리,2022,4,석사,2,0.0,0.0,0.0,0.4,6.4,0.0,0.0,0.0,0.0,0.0,0.2,0.64,7.0
E0073,오민준,여,안전·환경관리,사원,2026,0,석사,3,0.0,0.6,0.6,0.0,5.0,0.3,0.0,0.3,0.6,0.0,0.0,0.67,7.4
E0074,안서연,남,안전·환경관리,사원,2023,3,학사,2,0.0,0.2,0.4,0.1,6.7,0.0,0.2,0.0,0.0,0.1,0.8,0.77,8.5
E0075,류은서,여,안전·환경관리,과장,2012,14,학사,6,0.0,0.0,0.6,0.8,9.2,0.5,1.2,0.0,0.2,0.0,0.2,1.15,12.7
E0076,서서연,여,언론홍보,대리,2021,5,학사,2,0.0,6.7,0.0,0.0,1.3,0.2,0.3,0.0,0.0,0.0,0.1,0.78,8.6
E0077,조지아,남,언론홍보,사원,2024,2,학사,3,0.7,6.0,0.3,0.3,0.4,0.5,0.7,0.0,0.0,0.0,0.0,0.81,8.9
E0078,권지호,남,언론홍보,과장,2019,7,학사,4,0.5,7.2,0.0,0.5,0.0,0.0,0.4,0.2,0.3,0.0,0.0,0.83,9.1
E0079,오현우,여,언론홍보,사원,2021,5,석사,4,0.0,6.0,1.2,0.0,0.3,0.4,0.1,0.0,0.0,1.3,0.0,0.85,9.3
E0080,조하윤,여,언론홍보,대리,2017,9,학사,6,0.0,8.1,0.0,0.2,0.0,0.3,0.7,0.0,0.8,0.0,0.5,0.96,10.6
E0081,윤은서,남,언론홍보,사원,2022,4,학사,5,0.0,6.4,0.1,0.0,0.0,0.0,1.6,0.3,0.4,0.8,0.6,0.93,10.2
E0082,장유준,남,언론홍보,과장,2020,6,학사,3,0.6,7.0,0.0,0.7,1.0,0.6,0.5,0.0,0.0,0.8,0.0,1.02,11.2
E0083,이민재,여,언론홍보,사원,2024,2,학사,1,0.0,5.5,0.5,0.0,0.0,0.3,0.0,0.6,0.0,0.0,0.0,0.63,6.9
E0084,박건우,여,언론홍보,대리,2022,4,학사,6,0.0,7.3,0.0,0.0,0.0,0.6,0.3,0.6,0.5,1.4,0.0,0.97,10.7
E0085,홍윤서,남,언론홍보,대리,2015,11,학사,8,0.8,8.8,0.0,0.2,0.2,0.0,0.1,0.9,0.3,0.0,0.0,1.03,11.3
E0086,윤예준,남,언론홍보,사원,2026,0,학사,1,0.0,5.2,0.0,0.1,0.2,0.0,0.0,0.0,0.1,0.3,0.0,0.54,5.9
E0087,류채원,남,언론홍보,부장,2005,21,석사,6,0.8,12.2,0.2,0.1,0.4,0.2,0.5,0.9,0.6,0.2,0.4,1.5,16.5
E0088,장서윤,여,HRD_AX교육,사원,2020,6,학사,0,0.0,0.6,0.2,0.0,0.0,0.7,0.0,5.1,0.8,0.3,0.0,0.7,7.7
E0089,오채원,남,HRD_AX교육,대리,2017,9,학사,7,1.3,0.0,0.2,0.0,0.0,0.3,0.0,9.0,0.0,0.0,0.3,1.01,11.1
E0090,장지아,여,HRD_AX교육,차장,2005,21,석사,9,0.5,0.2,0.2,0.4,0.1,0.6,0.6,12.9,0.2,0.9,0.2,1.53,16.8
E0091,한지유,여,HRD_AX교육,과장,2019,7,학사,3,0.0,0.3,0.0,0.0,0.0,0.2,0.0,8.5,0.0,0.7,0.0,0.88,9.7
E0092,송성민,남,HRD_AX교육,과장,2011,15,학사,11,0.7,0.0,0.6,1.5,0.0,0.0,1.0,11.0,0.5,0.3,0.1,1.43,15.7
E0093,송예준,남,HRD_AX교육,대리,2020,6,석사,4,0.6,0.6,0.2,0.0,0.2,0.5,0.0,8.3,0.0,0.0,0.1,0.95,10.5
E0094,장지아,여,HRD_AX교육,대리,2021,5,학사,6,0.0,0.6,0.0,0.0,0.3,0.5,0.0,7.7,0.5,0.0,0.1,0.88,9.7
E0095,오수빈,남,HRD_AX교육,사원,2026,0,학사,2,1.2,0.0,0.0,0.0,0.0,0.4,1.0,5.5,0.0,0.3,0.0,0.76,8.4
E0096,오지호,남,HRD_AX교육,사원,2021,5,석사,1,0.3,0.0,0.0,0.0,0.4,0.0,0.0,5.0,0.7,0.8,0.3,0.68,7.5
E0097,류지훈,여,HRD_AX교육,차장,2008,18,학사,6,0.0,0.0,0.5,0.8,0.2,0.0,0.2,10.6,0.0,1.4,0.3,1.27,14.0
E0098,임수아,여,HRM_채용인사관리,대리,2022,4,학사,1,0.3,0.3,0.3,0.0,0.1,0.3,0.0,4.9,1.6,0.7,0.8,0.85,9.3
E0099,권서윤,여,HRM_채용인사관리,대리,2014,12,학사,7,1.6,0.6,0.6,0.0,0.6,0.0,0.1,6.1,2.2,0.0,0.3,1.1,12.1
E0100,전수아,남,HRM_채용인사관리,대리,2012,14,학사,6,0.0,1.1,0.2,0.6,0.0,0.0,0.0,6.6,2.1,0.0,0.3,0.99,10.9
E0101,강선우,남,HRM_채용인사관리,사원,2022,4,학사,3,0.2,0.8,1.1,0.7,0.0,0.4,0.0,4.6,1.0,0.0,0.2,0.82,9.0
E0102,신성민,남,HRM_채용인사관리,사원,2022,4,학사,3,0.0,0.0,0.0,0.1,0.7,0.2,0.3,6.0,1.1,0.3,0.0,0.79,8.7
E0103,임예린,남,HRM_채용인사관리,과장,2020,6,학사,4,0.0,0.0,0.0,1.1,0.1,0.0,0.0,5.8,2.9,0.0,0.6,0.95,10.5
E0104,박수아,남,HRM_채용인사관리,과장,2014,12,학사,5,1.0,0.3,0.8,0.0,0.0,0.0,0.0,8.1,2.1,0.3,1.0,1.24,13.6
E0105,강도윤,남,HRM_채용인사관리,과장,2016,10,석사,9,0.2,0.5,0.2,1.1,0.0,0.7,0.5,6.9,2.6,0.2,0.0,1.17,12.9
E0106,권하윤,남,HRM_채용인사관리,사원,2025,1,학사,2,0.5,0.1,1.0,0.6,0.0,0.0,0.1,4.4,2.3,0.0,0.4,0.85,9.4
E0107,신예준,남,AX보안설계,과장,2013,13,석사,0,0.0,0.4,0.0,0.0,0.1,0.0,0.0,8.3,0.0,0.0,0.1,0.81,8.9
E0108,서지우,남,AX보안설계,과장,2012,14,학사,8,0.5,0.7,0.3,1.1,0.3,0.0,0.0,10.8,0.0,0.1,0.1,1.26,13.9
E0109,류수아,여,AX보안설계,대리,2019,7,학사,6,0.1,0.0,0.2,0.3,0.5,0.7,0.1,8.1,0.0,0.2,0.9,1.01,11.1
E0110,이민준,남,AX보안설계,대리,2022,4,학사,1,0.7,0.3,0.0,0.1,0.0,0.0,0.0,5.6,0.4,0.3,0.4,0.71,7.8
E0111,박건우,남,AX보안설계,차장,2007,19,박사,5,0.1,0.0,0.0,0.4,0.0,0.0,0.4,11.8,0.0,0.5,0.0,1.2,13.2
E0112,오예준,남,AX보안설계,사원,2023,3,학사,1,0.9,0.4,0.6,0.0,0.0,0.0,0.1,5.7,0.0,0.0,0.2,0.72,7.9
E0113,정선우,남,AX보안설계,사원,2025,1,학사,4,0.1,0.5,0.0,0.0,0.4,0.0,0.1,5.9,1.2,0.1,0.0,0.75,8.3
E0114,이정우,남,AX보안설계,차장,2012,14,학사,8,0.0,0.4,0.0,0.4,0.0,0.0,0.0,11.9,0.3,0.2,0.3,1.23,13.5
E0115,김유준,남,AX보안설계,차장,2008,18,학사,8,0.0,1.5,0.3,0.0,0.0,0.6,1.3,11.2,0.1,0.2,0.0,1.38,15.2
E0116,권선우,남,AX보안설계,과장,2016,10,학사,4,0.2,0.0,0.0,0.2,0.8,0.2,0.0,7.0,0.0,0.0,0.1,0.77,8.5
E0117,조정우,남,AX보안설계,사원,2024,2,학사,1,0.0,0.0,0.3,0.0,0.0,0.0,0.1,5.9,0.8,0.0,0.0,0.65,7.1
E0118,한다은,남,구매원가분석,사원,2024,2,석사,3,5.9,0.3,0.0,0.4,0.0,0.0,0.3,0.7,0.2,0.0,0.0,0.71,7.8
E0119,서서윤,여,구매원가분석,대리,2020,6,석사,5,7.9,0.0,0.1,0.0,0.2,0.0,0.6,0.0,1.3,0.8,0.0,0.99,10.9
E0120,홍민준,남,구매원가분석,대리,2021,5,학사,2,7.0,0.1,0.0,0.0,0.0,0.2,0.8,0.6,0.0,0.6,0.4,0.88,9.7
E0121,조소율,여,구매원가분석,대리,2021,5,학사,7,7.3,1.1,0.0,0.9,0.4,0.4,0.3,0.0,1.0,0.3,0.0,1.06,11.7
E0122,임소율,남,구매원가분석,대리,2016,10,석사,4,7.5,0.4,0.0,0.0,0.6,0.2,0.0,0.0,0.5,0.6,0.0,0.89,9.8
E0123,최하윤,여,구매원가분석,대리,2019,7,학사,8,8.8,0.9,0.0,0.0,0.2,0.2,0.2,0.3,0.1,0.0,0.0,0.97,10.7
E0124,한예준,남,구매원가분석,사원,2020,6,학사,3,6.9,0.2,0.0,0.3,1.3,0.0,0.0,0.1,0.8,0.0,0.1,0.88,9.7
E0125,이지훈,남,구매원가분석,대리,2021,5,석사,2,7.0,0.0,0.6,0.4,1.0,0.0,0.6,0.0,0.3,0.0,0.6,0.95,10.5
E0126,김현우,남,구매원가분석,대리,2020,6,학사,1,6.8,0.0,0.8,0.0,0.0,0.5,0.3,0.3,0.5,0.3,0.0,0.86,9.5
E0127,류하윤,여,구매원가분석,대리,2023,3,학사,8,6.0,0.0,0.5,0.7,0.0,0.1,0.0,0.4,0.5,0.0,0.3,0.77,8.5
E0128,강지유,여,열관리시스템구매,사원,2023,3,학사,1,0.0,0.1,0.0,0.2,6.5,0.6,0.8,0.0,0.0,0.0,0.5,0.79,8.7
E0129,강성민,여,열관리시스템구매,차장,2011,15,학사,6,0.2,0.2,0.1,0.5,11.2,0.4,0.4,0.0,0.6,0.1,0.8,1.32,14.5
E0130,최유준,여,열관리시스템구매,대리,2019,7,학사,4,0.0,0.5,0.0,0.2,7.5,0.3,0.0,0.0,0.0,0.0,0.7,0.84,9.2
E0131,황수아,남,열관리시스템구매,사원,2025,1,학사,2,0.0,0.2,0.0,0.0,5.8,0.0,0.0,0.6,1.2,0.0,0.0,0.71,7.8
E0132,정지아,남,열관리시스템구매,사원,2020,6,학사,5,0.0,0.2,0.1,0.0,7.0,0.1,0.0,0.3,0.0,0.5,0.0,0.75,8.2
E0133,홍하은,남,열관리시스템구매,차장,2009,17,석사,9,0.0,0.6,0.8,0.0,10.8,0.5,1.1,0.9,0.0,0.7,0.0,1.4,15.4
E0134,류우진,남,열관리시스템구매,대리,2021,5,석사,3,0.1,0.0,0.0,0.0,6.4,0.1,0.1,0.0,0.1,0.0,1.1,0.72,7.9
E0135,홍서연,남,열관리시스템구매,사원,2021,5,학사,3,0.7,0.0,0.1,0.3,7.0,0.0,0.0,0.0,1.0,0.0,0.0,0.83,9.1
E0136,서현우,남,열관리시스템구매,과장,2019,7,석사,3,0.0,0.3,0.0,0.9,8.4,0.0,0.0,0.0,0.0,0.3,0.1,0.91,10.0
E0137,최하윤,남,열관리시스템구매,부장,2002,24,학사,15,0.5,0.2,1.0,0.0,13.2,0.5,0.0,0.2,0.9,0.2,0.0,1.52,16.7
E0138,윤예린,여,열관리시스템구매,차장,2006,20,학사,11,0.7,0.5,0.0,0.1,12.2,0.4,0.0,0.3,0.2,0.4,0.4,1.38,15.2
E0139,홍수빈,남,전동식컴프레셔구매,차장,2012,14,학사,9,0.0,0.2,0.0,0.0,10.5,0.5,0.1,0.0,0.0,0.7,0.7,1.15,12.7
E0140,박은서,여,전동식컴프레셔구매,과장,2015,11,석사,3,0.0,0.2,0.2,0.3,9.0,0.3,0.0,0.1,0.4,0.0,0.2,0.97,10.7
E0141,홍현우,남,전동식컴프레셔구매,대리,2019,7,석사,2,0.0,0.0,0.9,0.0,6.2,0.0,0.0,0.3,0.9,0.5,0.0,0.8,8.8
E0142,류지우,남,전동식컴프레셔구매,대리,2019,7,석사,5,0.0,0.3,0.5,0.4,7.2,0.2,0.0,0.3,0.0,0.1,0.8,0.89,9.8
E0143,황소율,남,전동식컴프레셔구매,사원,2021,5,학사,4,0.0,1.4,0.1,0.0,8.3,0.0,0.0,0.8,0.0,0.0,0.0,0.96,10.6
E0144,송민준,남,전동식컴프레셔구매,사원,2023,3,학사,3,0.0,0.5,0.2,0.9,5.7,0.0,0.2,0.0,0.0,0.2,0.1,0.71,7.8
E0145,정도윤,남,전동식컴프레셔구매,차장,2011,15,석사,8,0.2,0.9,0.6,0.4,11.4,0.4,0.4,0.0,0.5,0.1,0.7,1.42,15.6
E0146,송지호,여,전동식컴프레셔구매,사원,2024,2,학사,6,0.2,0.1,0.6,0.5,6.0,0.0,0.7,0.0,0.0,0.6,0.0,0.79,8.7
E0147,권선우,남,전동식컴프레셔구매,대리,2019,7,학사,5,0.0,0.2,0.5,0.0,6.5,0.1,0.2,1.3,0.7,0.0,0.8,0.94,10.3
E0148,오지호,남,전동식컴프레셔구매,대리,2021,5,학사,5,0.0,0.7,0.0,0.0,8.2,0.0,0.3,0.0,0.5,0.1,0.8,0.96,10.6
E0149,조민준,남,전동식컴프레셔구매,사원,2026,0,학사,2,0.0,0.1,0.0,0.0,5.6,0.0,0.4,0.2,0.2,0.0,0.7,0.65,7.2
E0150,오건우,남,제어시스템선행품질,차장,2006,20,학사,7,0.0,0.9,10.1,0.0,0.8,0.2,2.1,0.0,0.0,0.0,0.9,1.36,15.0
E0151,오하윤,남,제어시스템선행품질,차장,2009,17,학사,12,0.0,0.1,10.4,0.3,1.1,0.0,1.8,0.0,0.2,0.6,0.5,1.36,15.0
E0152,박지호,여,제어시스템선행품질,사원,2025,1,학사,1,0.0,0.5,4.7,0.1,0.6,0.5,1.3,0.0,0.0,0.0,0.3,0.73,8.0
E0153,조지우,남,제어시스템선행품질,과장,2018,8,학사,4,0.0,0.0,7.9,0.0,0.0,0.0,1.5,0.0,0.2,0.0,0.6,0.93,10.2
E0154,윤채원,여,제어시스템선행품질,사원,2026,0,석사,0,1.0,0.0,3.9,0.0,0.1,0.2,1.0,0.4,0.0,0.4,0.2,0.65,7.2
E0155,권민재,여,제어시스템선행품질,차장,2010,16,학사,4,0.2,0.6,8.7,0.2,0.1,0.0,1.5,0.7,0.0,0.2,0.0,1.11,12.2
E0156,권성민,남,제어시스템선행품질,부장,2005,21,학사,14,0.0,0.0,11.4,0.0,0.6,0.4,3.6,0.4,0.6,0.0,0.6,1.6,17.6
E0157,조민준,남,제어시스템선행품질,과장,2014,12,학사,0,0.0,0.1,5.8,0.3,0.4,0.1,0.8,0.0,0.2,0.0,0.0,0.7,7.7
E0158,장정우,남,부품가공라인품질관리,차장,2009,17,학사,8,0.2,0.0,12.3,0.1,0.2,0.9,0.2,0.0,0.0,0.0,1.3,1.38,15.2
E0159,송건우,남,부품가공라인품질관리,대리,2018,8,학사,6,0.1,0.5,9.9,0.3,0.0,0.0,0.2,0.5,0.1,0.0,0.5,1.1,12.1
E0160,신수아,남,부품가공라인품질관리,사원,2025,1,학사,3,0.3,0.3,5.3,0.0,0.0,0.0,0.0,0.0,0.6,0.0,0.0,0.59,6.5
E0161,황지호,여,부품가공라인품질관리,차장,2010,16,학사,9,0.7,0.0,12.5,0.4,0.5,0.3,0.8,0.2,0.0,0.3,0.7,1.49,16.4
E0162,임선우,남,부품가공라인품질관리,사원,2023,3,박사,1,0.0,0.0,5.6,0.0,0.0,0.0,0.0,0.5,0.1,0.1,0.0,0.57,6.3
E0163,임서윤,남,부품가공라인품질관리,대리,2019,7,학사,5,0.5,0.0,7.8,0.7,0.4,0.4,0.6,0.1,0.0,0.0,0.0,0.95,10.5
E0164,황예린,남,부품가공라인품질관리,대리,2019,7,학사,3,0.0,0.0,6.9,0.1,0.3,0.0,0.0,0.0,0.4,0.1,0.7,0.77,8.5
E0165,서예준,남,부품가공라인품질관리,사원,2020,6,학사,4,0.7,0.0,7.6,0.0,0.3,0.0,0.0,0.0,0.5,0.0,0.5,0.87,9.6
E0166,임지호,여,부품가공라인품질관리,사원,2023,3,석사,3,0.0,0.2,6.7,0.3,0.0,0.0,0.2,0.0,0.4,0.0,0.0,0.71,7.8
E0167,안우진,여,부품가공라인품질관리,대리,2022,4,학사,4,0.0,0.3,7.3,0.0,0.0,0.5,0.0,0.0,0.0,0.0,0.0,0.74,8.1
E0168,권예준,남,부품가공라인품질관리,사원,2026,0,학사,1,0.0,0.4,5.8,0.3,0.0,0.0,0.0,0.0,0.8,0.0,0.0,0.66,7.3
E0169,임예린,여,개발단계선행품질,사원,2026,0,석사,1,0.0,0.0,5.5,0.0,0.0,0.1,0.0,0.3,0.0,0.0,0.4,0.57,6.3
E0170,최서윤,여,개발단계선행품질,대리,2019,7,학사,2,0.0,0.0,5.9,0.2,0.5,0.1,0.0,0.7,0.0,0.0,0.1,0.68,7.5
E0171,임하은,남,개발단계선행품질,대리,2017,9,학사,1,0.5,0.1,5.5,0.0,0.1,0.4,0.0,1.4,0.1,0.0,0.0,0.74,8.1
E0172,송유준,여,개발단계선행품질,사원,2021,5,학사,3,0.0,0.8,6.3,0.1,0.0,0.3,0.5,0.6,0.0,0.0,0.5,0.83,9.1
E0173,송하은,여,개발단계선행품질,대리,2020,6,학사,3,0.0,0.0,5.9,0.7,0.5,0.0,0.2,1.1,0.0,1.3,0.0,0.88,9.7
E0174,전민준,여,개발단계선행품질,사원,2023,3,학사,4,0.0,0.0,4.7,0.0,0.6,0.3,0.0,0.8,1.2,0.2,0.3,0.74,8.1
E0175,전도윤,남,개발단계선행품질,사원,2025,1,학사,3,0.0,0.8,4.5,0.0,0.0,0.0,0.0,1.0,0.0,0.0,1.1,0.67,7.4
E0176,류지훈,여,개발단계선행품질,사원,2026,0,석사,1,0.3,0.0,4.1,0.0,0.2,0.0,0.4,0.5,1.0,0.0,0.0,0.59,6.5
E0177,홍서연,여,열관리선행품질,부장,2004,22,학사,6,0.6,0.2,11.8,0.0,0.2,0.4,0.4,0.9,0.0,0.0,0.0,1.32,14.5
E0178,황수빈,남,열관리선행품질,대리,2017,9,학사,5,0.0,0.0,8.6,0.6,0.2,0.6,0.1,0.0,0.0,0.0,0.5,0.96,10.6
E0179,강서연,남,열관리선행품질,대리,2021,5,학사,4,0.0,1.2,6.7,0.0,1.1,0.8,0.0,0.0,0.2,0.0,0.0,0.91,10.0
E0180,신다은,여,열관리선행품질,대리,2024,2,학사,3,0.8,0.0,7.1,0.6,0.3,0.0,0.0,0.0,0.0,1.2,0.0,0.91,10.0
E0181,이윤서,남,열관리선행품질,사원,2022,4,학사,3,0.0,0.0,6.8,0.0,0.1,0.0,0.0,0.0,0.0,0.0,0.0,0.63,6.9
E0182,권서연,여,열관리선행품질,사원,2025,1,학사,4,0.5,0.0,6.3,0.0,0.4,0.0,0.0,0.8,0.3,0.0,0.0,0.75,8.3
E0183,서예준,여,열관리선행품질,사원,2026,0,석사,3,1.3,0.0,5.2,0.0,0.0,0.1,0.2,0.4,0.7,0.2,0.0,0.74,8.1
E0184,윤민재,남,열관리선행품질,대리,2024,2,학사,2,0.0,0.0,6.6,0.8,0.0,0.2,0.0,0.4,0.1,0.2,0.0,0.75,8.3
E0185,홍선우,남,열관리선행품질,사원,2022,4,학사,3,0.5,0.6,6.3,0.1,0.9,0.6,0.8,0.0,0.0,0.2,0.0,0.91,10.0
E0186,박서연,여,양산공정품질,과장,2013,13,석사,5,0.3,0.4,8.2,0.5,0.1,0.6,0.0,0.0,0.5,0.7,0.0,1.03,11.3
E0187,서도윤,남,양산공정품질,사원,2023,3,학사,3,0.0,0.1,6.4,0.4,0.6,0.8,0.0,1.0,0.0,0.7,0.3,0.94,10.3
E0188,김은서,남,양산공정품질,사원,2024,2,학사,2,0.0,0.0,5.4,0.6,0.0,0.0,0.0,0.4,0.3,0.2,1.0,0.72,7.9
E0189,윤도윤,남,양산공정품질,대리,2017,9,학사,5,0.4,0.0,7.0,0.4,0.0,0.9,0.0,1.1,0.0,0.0,0.0,0.89,9.8
E0190,홍준서,남,양산공정품질,차장,2003,23,학사,16,0.0,0.0,12.1,0.5,0.1,0.4,1.2,1.7,0.1,0.0,2.2,1.66,18.3
E0191,신윤서,여,양산공정품질,대리,2017,9,학사,1,0.3,0.6,7.1,0.4,0.0,0.0,0.2,0.2,0.1,0.0,0.0,0.81,8.9
E0192,오준서,남,양산공정품질,과장,2013,13,석사,6,0.0,0.0,8.2,0.0,0.0,0.5,0.1,0.2,0.0,0.6,0.2,0.89,9.8
E0193,임지훈,남,양산공정품질,과장,2015,11,학사,5,0.3,0.0,8.8,0.7,0.1,0.0,0.0,0.1,0.3,0.0,0.1,0.95,10.4
E0194,장채원,여,가공생산관리,과장,2018,8,학사,6,0.6,0.1,9.4,0.0,0.0,0.7,1.0,0.2,0.0,0.0,0.2,1.11,12.2
E0195,신준서,남,가공생산관리,사원,2026,0,석사,3,0.0,0.0,5.0,0.3,0.3,0.0,0.1,0.5,0.1,0.4,0.2,0.63,6.9
E0196,강수빈,여,가공생산관리,사원,2023,3,석사,6,0.3,0.4,5.9,0.5,0.0,0.2,2.0,0.6,0.3,0.0,0.0,0.93,10.2
E0197,신우진,여,가공생산관리,사원,2023,3,석사,3,0.3,0.7,6.3,0.0,0.0,0.0,0.0,0.5,0.2,0.0,0.3,0.75,8.3
E0198,윤수빈,남,가공생산관리,과장,2016,10,학사,10,0.9,0.3,11.3,0.0,0.0,0.0,0.0,0.6,0.6,0.8,0.0,1.32,14.5
E0199,신유준,여,가공생산관리,사원,2025,1,석사,2,0.1,0.0,5.9,0.0,0.2,1.0,0.0,0.0,0.0,0.0,0.9,0.74,8.1
E0200,권지훈,남,가공생산관리,대리,2020,6,학사,2,0.3,0.0,6.8,0.3,0.5,0.2,0.3,0.2,0.4,0.0,0.4,0.85,9.4
E0201,조은서,여,가공생산관리,사원,2024,2,학사,2,0.0,0.1,5.6,0.7,0.0,0.1,0.5,0.7,0.0,0.5,1.0,0.84,9.2
E0202,박지훈,남,가공생산관리,대리,2020,6,학사,5,0.0,0.5,7.9,0.2,0.9,0.6,0.0,0.2,0.0,0.0,0.3,0.96,10.6
E0203,오민재,남,가공생산관리,대리,2021,5,석사,1,0.4,0.3,6.5,0.1,0.0,0.2,0.1,0.0,0.0,0.1,0.0,0.7,7.7
E0204,황유준,남,가공생산관리,대리,2019,7,학사,5,1.0,0.0,7.3,0.0,0.0,0.2,0.6,0.3,0.4,0.6,0.2,0.96,10.6
E0205,서지아,남,가공생산관리,대리,2017,9,학사,10,0.1,1.0,9.9,0.5,0.0,1.0,0.3,0.0,0.5,0.5,0.5,1.3,14.3
E0206,류지아,여,전동화생산기술,사원,2024,2,석사,1,0.8,0.5,5.8,0.0,0.2,0.7,0.2,0.2,0.0,0.0,0.0,0.76,8.4
E0207,전우진,남,전동화생산기술,대리,2016,10,학사,4,0.0,0.0,7.1,0.5,0.4,0.3,0.1,0.2,0.0,0.9,0.0,0.86,9.5
E0208,김지우,남,전동화생산기술,대리,2023,3,석사,0,0.0,0.0,6.2,0.0,0.5,0.0,0.3,0.0,0.4,1.3,0.0,0.79,8.7
E0209,서재현,여,전동화생산기술,부장,2008,18,학사,9,0.0,0.0,12.8,0.3,0.0,0.2,0.6,0.0,0.8,0.0,0.2,1.35,14.9
E0210,서민재,남,전동화생산기술,과장,2016,10,학사,4,0.0,0.2,8.2,0.0,0.0,0.7,0.0,0.8,0.3,0.0,0.0,0.93,10.2
E0211,최지아,남,전동화생산기술,과장,2012,14,학사,12,0.0,0.0,10.6,0.3,0.5,0.4,0.0,0.3,0.5,0.0,0.0,1.15,12.6
E0212,윤윤서,남,전동화생산기술,대리,2015,11,학사,5,0.1,0.0,7.6,0.3,0.1,0.0,0.0,0.8,0.2,0.8,0.0,0.9,9.9
E0213,김민준,남,전동화생산기술,차장,2015,11,석사,6,0.0,0.9,10.3,0.0,0.2,0.0,0.7,0.1,0.1,0.0,1.0,1.21,13.3
E0214,최채원,남,전동화생산기술,대리,2022,4,석사,2,0.0,0.8,7.5,0.4,0.0,0.0,0.0,0.3,0.2,0.5,0.0,0.88,9.7
E0215,송윤서,여,전동화생산기술,사원,2024,2,학사,5,0.9,0.8,6.1,0.0,0.0,0.5,0.0,0.0,0.0,0.0,0.7,0.82,9.0
E0216,전서연,여,전동화생산기술,대리,2024,2,학사,3,0.5,0.0,6.7,0.0,0.7,0.6,0.0,0.0,0.0,0.0,0.0,0.77,8.5
E0217,오정우,여,전동화생산기술,대리,2025,1,학사,4,0.4,0.4,6.8,0.0,0.1,1.1,0.0,0.1,0.0,0.0,0.0,0.81,8.9
E0218,조소율,남,PT생산기술,대리,2022,4,학사,2,6.3,0.4,0.0,0.6,0.4,0.0,0.3,0.0,0.0,0.0,0.4,0.76,8.4
E0219,임예린,남,PT생산기술,사원,2024,2,학사,2,5.8,0.0,0.0,0.5,0.0,0.0,0.5,0.6,0.5,0.0,0.0,0.72,7.9
E0220,조지호,남,PT생산기술,사원,2023,3,석사,3,6.4,0.0,0.0,0.1,0.0,0.7,1.2,0.0,0.0,0.8,0.7,0.9,9.9
E0221,강민재,여,PT생산기술,대리,2025,1,석사,2,5.4,0.0,0.1,0.4,0.0,0.6,0.0,0.0,0.1,0.4,0.8,0.71,7.8
E0222,장우진,여,PT생산기술,차장,2010,16,학사,5,10.1,0.0,0.6,1.0,0.5,0.3,0.4,0.1,0.6,0.1,0.0,1.25,13.7
E0223,류재현,여,PT생산기술,대리,2024,2,학사,4,7.4,0.5,0.2,0.0,0.3,0.0,0.2,0.0,0.8,0.0,0.6,0.91,10.0
E0224,강민준,남,PT생산기술,사원,2022,4,학사,3,6.2,0.0,0.7,0.7,0.9,0.0,0.1,0.0,0.1,0.0,0.3,0.82,9.0
E0225,안예준,남,PT생산기술,대리,2020,6,석사,6,8.7,0.9,0.0,0.0,0.0,0.0,0.3,0.0,0.4,0.0,0.0,0.94,10.3
E0226,김소율,여,PT생산기술,과장,2013,13,석사,7,8.4,0.5,0.0,0.1,0.1,0.4,2.1,0.2,0.1,0.4,0.4,1.15,12.7
E0227,서성민,남,PT생산기술,차장,2005,21,학사,9,13.0,0.1,0.0,0.3,0.6,1.1,0.6,0.3,0.6,0.1,0.1,1.53,16.8
E0228,조민준,남,PT생산기술,사원,2026,0,학사,0,4.9,0.0,0.0,0.7,0.3,0.0,0.0,0.0,0.0,0.0,0.4,0.57,6.3
E0229,류하은,남,PT생산기술,대리,2023,3,석사,5,7.6,0.0,0.0,0.0,0.0,0.0,0.2,0.6,0.4,0.8,0.4,0.91,10.0
E0230,한수빈,남,PT생산기술,사원,2023,3,석사,2,6.5,0.0,0.0,0.4,0.0,0.0,0.3,0.3,0.4,0.0,0.0,0.72,7.9
E0231,신지유,여,엔진영업,차장,2016,10,석사,4,0.0,10.2,0.0,0.2,0.0,0.5,0.2,0.5,0.0,0.0,0.0,1.05,11.6
E0232,장재현,남,엔진영업,과장,2012,14,학사,1,0.0,8.5,0.1,0.0,0.0,0.2,0.7,0.8,0.5,0.0,0.0,0.98,10.8
E0233,이정우,남,엔진영업,사원,2024,2,석사,3,0.7,5.8,0.0,0.4,0.0,0.0,0.0,0.6,0.2,0.2,0.0,0.72,7.9
E0234,임하은,남,엔진영업,대리,2021,5,학사,3,0.8,6.9,0.0,0.3,0.0,0.0,0.0,0.0,0.1,0.0,0.0,0.74,8.1
E0235,윤지아,남,엔진영업,부장,2004,22,석사,7,0.0,10.2,0.8,0.0,0.0,0.4,1.7,1.2,0.8,0.0,0.0,1.37,15.1
E0236,서지유,남,엔진영업,대리,2021,5,학사,2,0.2,7.0,0.0,0.0,0.0,0.0,0.4,0.0,0.7,0.0,0.6,0.81,8.9
E0237,정정우,남,엔진영업,사원,2024,2,학사,2,0.0,5.4,0.0,0.5,0.6,0.5,0.0,0.0,0.2,0.0,0.4,0.69,7.6
E0238,신다은,남,엔진영업,사원,2019,7,석사,8,0.0,8.3,0.5,0.2,0.8,0.0,0.2,0.0,0.0,1.2,0.6,1.07,11.8
E0239,강수빈,여,샤시모듈영업,대리,2021,5,학사,3,0.0,5.7,0.5,0.0,0.0,2.8,0.0,0.0,0.0,0.0,0.0,0.82,9.0
E0240,송지아,남,샤시모듈영업,사원,2022,4,학사,3,0.3,4.4,0.4,0.2,0.3,1.3,0.7,0.0,0.0,0.0,0.1,0.7,7.7
E0241,류하은,남,샤시모듈영업,사원,2025,1,학사,5,0.4,4.8,0.7,0.0,0.1,1.7,0.6,0.0,0.7,0.0,0.3,0.85,9.3
E0242,정은서,남,샤시모듈영업,대리,2021,5,학사,4,0.0,5.7,0.0,0.4,0.2,1.4,0.1,0.0,0.4,0.5,1.0,0.88,9.7
E0243,조하은,남,샤시모듈영업,대리,2020,6,박사,3,0.0,4.6,0.4,0.0,0.0,1.7,0.0,0.0,0.0,0.0,1.1,0.71,7.8
E0244,황지훈,여,샤시모듈영업,부장,2002,24,석사,7,0.4,8.5,0.0,0.6,0.0,3.7,0.9,0.5,0.0,0.0,0.0,1.33,14.6
E0245,안성민,남,샤시모듈영업,사원,2023,3,학사,4,1.3,4.8,0.6,0.3,0.7,2.7,0.4,0.8,0.0,0.0,0.0,1.05,11.6
E0246,서현우,남,샤시모듈영업,사원,2026,0,학사,1,0.6,3.7,1.0,0.4,0.1,1.9,0.0,0.0,0.6,0.0,0.2,0.77,8.5
E0247,한유준,여,샤시모듈영업,과장,2010,16,석사,9,0.0,7.9,0.0,0.2,0.8,2.1,0.0,0.0,0.9,0.0,0.0,1.08,11.9
E0248,류민준,남,샤시모듈영업,과장,2016,10,학사,8,0.5,7.3,0.0,0.4,0.0,2.1,1.0,0.0,1.3,0.0,0.6,1.2,13.2
E0249,안준서,남,샤시모듈영업,과장,2013,13,학사,5,0.9,5.5,0.0,0.2,0.6,3.0,0.0,0.0,1.0,0.0,0.3,1.05,11.5
E0250,황정우,여,샤시모듈영업,사원,2026,0,석사,0,0.4,4.0,0.0,0.0,0.0,1.7,0.0,0.0,0.0,0.3,0.0,0.58,6.4
E0251,황예준,여,샤시모듈영업,사원,2021,5,석사,5,0.2,6.4,0.1,0.4,0.5,1.6,0.0,0.0,0.1,0.0,0.0,0.85,9.3
E0252,이지호,여,공조영업,차장,2009,17,학사,7,0.0,11.6,0.0,0.4,0.0,0.3,1.6,0.2,0.4,0.2,0.0,1.34,14.7
E0253,장선우,남,공조영업,대리,2017,9,석사,7,1.1,9.9,0.2,0.0,0.3,0.0,0.0,0.1,0.0,0.1,0.6,1.12,12.3
E0254,강재현,남,공조영업,차장,2011,15,학사,9,0.0,11.9,0.0,0.0,1.1,0.0,0.0,0.0,0.0,0.0,0.0,1.18,13.0
E0255,홍민준,남,공조영업,사원,2022,4,학사,2,0.7,6.1,0.7,0.0,0.5,0.0,0.2,0.0,0.1,0.2,0.0,0.77,8.5
E0256,홍현우,여,공조영업,사원,2022,4,석사,3,0.0,7.1,0.5,0.3,0.2,0.2,0.0,0.3,0.8,0.2,0.2,0.89,9.8
E0257,임유준,여,공조영업,대리,2024,2,학사,2,0.0,7.3,0.0,0.0,0.2,0.0,0.6,0.0,0.4,0.7,0.0,0.84,9.2
E0258,한하은,남,공조영업,대리,2019,7,학사,8,0.0,9.4,0.2,0.7,0.0,0.1,0.0,0.0,0.0,0.0,0.0,0.95,10.4
E0259,김지유,여,공조영업,대리,2026,0,박사,3,0.0,5.6,0.0,0.8,0.0,0.0,0.2,0.0,0.5,0.0,0.7,0.71,7.8
E0260,정서윤,여,글로벌OE해외영업,사원,2021,5,학사,3,0.3,5.6,0.6,0.3,0.9,0.3,0.0,0.3,0.0,0.0,0.0,0.75,8.3
E0261,신서윤,여,글로벌OE해외영업,사원,2026,0,학사,0,0.0,4.7,0.0,0.3,0.7,0.0,0.0,0.0,0.0,0.0,0.2,0.54,5.9
E0262,김채원,여,글로벌OE해외영업,대리,2020,6,학사,5,0.8,6.6,0.0,0.4,0.5,0.0,0.0,0.0,0.0,0.0,0.1,0.76,8.4
E0263,한민재,여,글로벌OE해외영업,사원,2023,3,석사,5,0.0,6.9,0.0,0.0,1.1,0.1,0.5,0.6,0.5,0.0,0.0,0.88,9.7
E0264,임서연,여,글로벌OE해외영업,대리,2024,2,학사,3,0.3,5.5,0.2,0.2,0.4,0.5,0.3,0.0,0.6,0.0,0.0,0.73,8.0
E0265,강수아,여,글로벌OE해외영업,대리,2020,6,학사,4,0.0,6.2,0.0,0.6,0.6,0.1,0.0,0.0,0.4,0.0,0.0,0.72,7.9
E0266,권성민,남,글로벌OE해외영업,사원,2026,0,학사,2,0.0,4.9,0.2,0.2,0.4,0.6,0.0,0.3,0.2,0.7,0.4,0.72,7.9
E0267,윤수아,남,글로벌OE해외영업,대리,2024,2,석사,3,0.2,5.6,0.3,0.1,0.9,0.3,0.6,0.1,1.1,0.0,0.2,0.85,9.4
E0268,조건우,여,로봇해외영업,과장,2017,9,학사,4,0.4,2.4,0.0,0.4,6.1,0.3,0.0,0.0,0.8,0.0,1.0,1.04,11.4
E0269,윤성민,남,로봇해외영업,과장,2016,10,학사,8,0.5,3.6,0.0,1.0,7.1,0.0,0.0,0.6,0.0,0.5,0.1,1.22,13.4
E0270,장현우,여,로봇해외영업,사원,2024,2,학사,3,0.2,1.7,0.5,0.0,4.8,0.0,0.0,0.0,0.0,0.0,0.0,0.65,7.2
E0271,강서연,남,로봇해외영업,사원,2025,1,학사,2,0.0,2.4,0.9,0.1,4.6,0.4,0.0,0.0,0.0,0.0,0.0,0.76,8.4
E0272,권다은,남,로봇해외영업,대리,2022,4,학사,1,0.0,1.9,0.0,0.0,4.6,0.3,0.4,0.0,0.5,0.0,0.3,0.73,8.0
E0273,오지훈,남,로봇해외영업,대리,2021,5,학사,3,0.0,2.3,0.5,0.5,4.3,0.0,0.1,0.2,0.0,0.0,0.6,0.77,8.5
E0274,홍지호,남,로봇해외영업,차장,2005,21,석사,8,0.0,3.9,0.0,0.0,8.5,0.0,0.2,0.1,0.0,0.0,1.1,1.25,13.8
E0275,권지유,남,로봇해외영업,사원,2025,1,학사,1,0.4,1.5,0.0,1.0,3.7,0.0,0.1,0.1,0.0,0.0,0.0,0.62,6.8
E0276,박우진,남,모바일로봇전장제어,차장,2004,22,석사,14,0.0,0.3,0.0,0.0,0.8,0.6,12.8,0.6,0.5,0.9,0.1,1.51,16.6
E0277,류수빈,남,모바일로봇전장제어,과장,2018,8,학사,5,0.0,0.0,0.0,0.4,0.4,0.2,9.4,0.0,0.3,0.3,0.5,1.05,11.5
E0278,박서윤,여,모바일로봇전장제어,과장,2019,7,학사,9,0.0,0.2,0.2,1.3,0.0,0.4,9.6,0.6,0.1,0.0,0.0,1.13,12.4
E0279,최우진,남,모바일로봇전장제어,대리,2023,3,학사,4,0.0,0.3,1.2,0.0,0.0,0.0,7.2,0.0,0.0,0.0,0.0,0.79,8.7
E0280,정채원,여,모바일로봇전장제어,대리,2022,4,학사,4,0.4,0.0,0.4,0.0,0.0,0.7,7.8,0.3,0.0,0.2,0.3,0.92,10.1
E0281,황준서,남,모바일로봇전장제어,사원,2024,2,학사,2,0.3,0.0,0.0,0.0,0.8,0.0,6.8,0.0,0.0,0.3,0.0,0.75,8.2
E0282,정지아,여,모바일로봇전장제어,사원,2024,2,학사,4,0.0,0.0,0.6,0.0,1.1,0.0,6.0,0.0,1.3,0.0,0.2,0.84,9.2
E0283,홍채원,남,모바일로봇전장제어,차장,2008,18,학사,6,0.6,0.0,0.3,0.8,0.0,0.8,10.7,0.4,0.1,0.1,0.7,1.32,14.5
E0284,홍윤서,남,모바일로봇전장제어,사원,2023,3,학사,4,0.4,0.4,0.2,0.4,0.6,1.2,5.8,0.1,0.0,0.5,0.6,0.93,10.2
E0285,황성민,여,모바일로봇전장제어,사원,2025,1,학사,2,0.8,0.6,1.2,0.3,0.0,0.1,6.0,0.0,0.0,0.6,0.2,0.89,9.8
E0286,최현우,남,모바일로봇전장제어,과장,2017,9,학사,4,0.0,0.0,0.0,0.0,0.5,0.7,8.9,0.0,0.0,0.5,0.0,0.96,10.6
E0287,최지유,남,모바일로봇전장제어,사원,2022,4,학사,3,0.4,0.0,0.2,0.5,0.0,0.5,7.1,0.4,0.0,0.0,0.0,0.83,9.1
E0288,박현우,여,모바일로봇전장제어,사원,2026,0,학사,1,0.0,0.0,0.2,0.3,0.2,0.0,5.2,0.4,0.1,0.0,0.0,0.58,6.4
E0289,조지훈,여,모바일로봇전장제어,사원,2024,2,학사,4,0.0,0.0,0.0,0.7,0.1,0.0,6.9,0.2,0.5,0.0,0.7,0.83,9.1
E0290,황지훈,남,모바일로봇전장제어,대리,2018,8,학사,4,0.5,0.0,0.5,0.0,0.0,0.8,6.3,0.0,0.2,0.1,0.0,0.76,8.4
E0291,이유준,여,모바일로봇주행SW,사원,2026,0,학사,3,0.0,0.1,6.5,0.0,0.0,0.0,0.1,0.2,0.1,0.0,0.0,0.64,7.0
E0292,홍건우,남,모바일로봇주행SW,대리,2016,10,학사,5,0.1,0.0,7.5,0.5,0.6,0.5,0.0,0.0,0.3,0.7,0.2,0.95,10.4
E0293,홍성민,남,모바일로봇주행SW,사원,2022,4,학사,1,0.3,0.3,5.2,0.3,0.3,0.2,0.0,0.6,0.0,0.1,0.2,0.68,7.5
E0294,최준서,여,모바일로봇주행SW,대리,2020,6,학사,4,0.3,0.5,6.9,0.0,0.4,0.0,0.0,0.2,0.2,0.0,0.8,0.85,9.3
E0295,강재현,여,모바일로봇주행SW,부장,2001,25,학사,14,0.5,0.5,13.8,0.0,0.0,0.6,0.5,0.0,0.0,0.0,0.0,1.45,15.9
E0296,황정우,여,모바일로봇주행SW,과장,2019,7,학사,6,0.3,0.3,9.2,0.0,0.0,0.3,0.1,0.0,0.2,0.0,0.1,0.95,10.5
E0297,조은서,남,모바일로봇주행SW,과장,2015,11,학사,1,0.0,0.0,8.4,0.1,0.6,0.2,0.5,0.0,0.0,0.0,0.0,0.89,9.8
E0298,송정우,남,모바일로봇주행SW,대리,2021,5,학사,5,0.3,0.0,7.6,0.0,0.4,0.7,0.1,0.4,0.1,1.0,0.0,0.96,10.6
E0299,박건우,남,협동로봇비전SW,대리,2020,6,학사,4,1.0,0.0,0.5,8.0,0.1,0.3,0.3,0.6,0.3,0.0,0.8,1.08,11.9
E0300,전소율,남,협동로봇비전SW,사원,2025,1,학사,1,0.1,0.0,0.0,5.9,0.3,0.0,0.0,0.0,0.2,0.2,0.0,0.61,6.7
E0301,이성민,남,협동로봇비전SW,과장,2011,15,학사,6,0.0,0.0,0.1,12.1,0.2,0.3,0.0,0.0,0.4,0.8,0.6,1.32,14.5
E0302,권민준,남,협동로봇비전SW,대리,2020,6,학사,5,0.4,0.0,0.0,8.9,0.1,0.2,0.0,0.0,0.0,0.0,0.6,0.93,10.2
E0303,황서윤,여,협동로봇비전SW,대리,2020,6,학사,5,0.0,0.0,0.9,7.9,0.7,0.6,0.1,0.0,0.9,0.5,0.0,1.05,11.6
E0304,강소율,남,협동로봇비전SW,사원,2022,4,학사,4,0.0,0.0,0.2,6.4,0.0,0.7,1.2,0.0,0.1,0.0,0.0,0.78,8.6
E0305,홍지호,여,협동로봇비전SW,차장,2006,20,학사,8,0.1,0.7,0.0,11.0,0.6,1.4,0.3,0.0,0.0,0.0,0.0,1.28,14.1
E0306,신유준,여,협동로봇비전SW,과장,2024,2,석사,4,0.1,0.6,0.0,8.8,0.0,0.1,0.1,0.3,0.1,0.0,0.4,0.95,10.5
E0307,황지아,남,협동로봇비전SW,대리,2021,5,박사,1,0.0,0.3,0.3,6.1,0.1,0.1,0.2,0.3,0.0,0.0,0.2,0.69,7.6
E0308,조수아,남,차량용댐퍼개발,차장,2007,19,학사,6,0.8,0.0,0.4,0.0,0.0,11.3,0.3,0.5,0.0,0.5,0.0,1.25,13.8
E0309,서수빈,여,차량용댐퍼개발,사원,2026,0,학사,2,0.0,0.5,0.0,0.6,0.6,6.0,0.0,0.9,0.2,0.0,0.4,0.84,9.2
E0310,오수아,남,차량용댐퍼개발,과장,2012,14,학사,4,0.2,0.0,0.0,0.0,0.0,9.3,0.6,0.2,0.0,0.0,0.0,0.94,10.3
E0311,안지우,남,차량용댐퍼개발,대리,2015,11,학사,8,0.0,0.0,0.8,0.0,0.1,9.1,0.0,0.7,0.6,0.0,0.0,1.03,11.3
E0312,조예린,여,차량용댐퍼개발,차장,2005,21,학사,5,0.7,0.0,0.0,0.1,0.2,10.9,1.3,0.2,0.7,0.7,0.0,1.35,14.8
E0313,권정우,남,차량용댐퍼개발,과장,2018,8,학사,7,0.2,0.0,0.0,0.0,0.3,10.3,0.5,0.0,0.0,1.2,0.6,1.19,13.1
E0314,윤하윤,여,차량용댐퍼개발,차장,2008,18,학사,9,0.0,0.6,0.0,0.0,0.0,11.6,0.0,0.0,0.6,0.2,1.7,1.34,14.7
E0315,황은서,남,차량용댐퍼개발,대리,2021,5,박사,5,0.6,0.4,0.2,0.0,0.0,7.0,0.0,0.0,0.2,0.4,0.0,0.8,8.8
E0316,임현우,남,차량용댐퍼개발,대리,2019,7,학사,3,0.4,0.0,0.6,0.5,0.0,6.0,0.0,1.0,0.6,0.2,0.7,0.91,10.0
E0317,권재현,남,차량용댐퍼개발,사원,2025,1,학사,4,0.2,0.0,0.0,0.8,0.4,7.0,0.0,0.2,0.0,0.1,0.0,0.79,8.7
E0318,서지호,남,차량용댐퍼개발,과장,2018,8,석사,6,0.0,0.4,0.0,0.0,0.6,8.3,0.6,0.0,0.1,0.5,1.0,1.05,11.5
E0319,최민준,여,차량용댐퍼개발,부장,2002,24,학사,9,0.2,0.6,2.4,0.7,1.0,10.9,0.2,0.2,0.2,0.3,0.0,1.52,16.7
E0320,권우진,남,차량용댐퍼개발,대리,2016,10,학사,7,0.7,0.2,0.0,1.8,0.0,7.9,0.8,0.4,1.0,0.2,0.4,1.22,13.4
E0321,오준서,여,차량용댐퍼개발,사원,2022,4,석사,4,0.0,0.1,0.0,0.0,0.0,5.9,0.0,0.1,0.4,0.0,0.3,0.62,6.8
E0322,장정우,남,모빌리티부품선행개발,대리,2021,5,학사,3,0.2,0.3,0.2,0.0,0.4,7.4,0.0,0.0,0.0,0.0,0.2,0.79,8.7
E0323,서하은,남,모빌리티부품선행개발,차장,2011,15,학사,2,0.0,0.0,0.0,0.2,0.4,8.7,0.2,1.0,0.3,0.0,0.0,0.98,10.8
E0324,최우진,남,모빌리티부품선행개발,과장,2014,12,석사,11,1.0,0.1,0.0,0.5,0.9,11.2,0.0,0.3,0.9,0.6,0.0,1.41,15.5
E0325,권우진,남,모빌리티부품선행개발,과장,2014,12,학사,7,0.0,0.9,0.1,0.5,0.0,8.7,0.0,0.8,0.4,0.5,0.0,1.08,11.9
E0326,강은서,여,모빌리티부품선행개발,사원,2026,0,학사,2,0.0,0.2,0.5,0.3,0.3,4.9,0.1,0.0,0.3,0.0,0.8,0.67,7.4
E0327,최민준,남,모빌리티부품선행개발,차장,2010,16,학사,7,0.0,0.0,1.0,0.0,0.5,10.5,0.0,0.2,0.2,0.0,0.5,1.17,12.9
E0328,정지호,남,모빌리티부품선행개발,차장,2011,15,학사,6,0.0,0.2,0.0,0.4,0.1,11.6,0.0,0.0,0.2,0.0,0.0,1.14,12.5
E0329,김서윤,남,모빌리티부품선행개발,과장,2015,11,학사,5,0.0,0.0,1.4,0.7,0.8,8.8,0.0,0.1,0.0,0.0,0.1,1.08,11.9
E0330,이민준,여,모빌리티부품선행개발,사원,2022,4,학사,1,0.0,0.0,0.0,0.0,0.6,6.2,0.0,0.1,0.0,0.0,0.0,0.63,6.9
E0331,홍지호,남,모빌리티부품선행개발,과장,2014,12,학사,4,0.4,0.8,0.6,0.3,0.2,8.4,0.1,0.4,0.3,0.6,0.0,1.1,12.1
E0332,정민재,여,모빌리티부품선행개발,부장,2003,23,학사,9,0.0,0.0,0.0,0.0,0.6,12.7,0.0,0.2,0.0,0.0,0.8,1.3,14.3
E0333,류정우,남,모빌리티부품선행개발,사원,2024,2,학사,4,0.0,0.2,0.0,0.0,0.0,7.0,0.0,0.0,0.0,0.4,0.1,0.7,7.7
E0334,이현우,여,모빌리티부품선행개발,사원,2026,0,학사,7,0.2,0.1,0.6,0.7,0.0,7.7,0.0,0.4,0.0,0.0,0.3,0.91,10.0
E0335,서지우,남,모빌리티부품선행개발,대리,2020,6,학사,2,0.7,0.0,0.3,0.0,0.0,6.4,0.0,0.3,0.4,0.7,0.4,0.84,9.2
E0336,한예린,남,IDA개발,대리,2022,4,석사,4,0.0,0.0,0.2,0.3,0.0,0.4,0.0,0.0,0.1,0.0,8.2,0.84,9.2
E0337,홍은서,남,IDA개발,대리,2023,3,석사,1,0.0,0.0,0.0,0.2,0.5,1.1,0.0,0.0,0.2,0.0,6.4,0.76,8.4
E0338,류민재,여,IDA개발,과장,2022,4,학사,2,0.3,0.6,0.0,0.5,0.0,0.0,0.3,0.0,0.2,0.0,8.1,0.91,10.0
E0339,류예린,여,IDA개발,대리,2020,6,학사,1,0.6,0.1,0.4,0.3,0.5,0.4,0.6,0.0,0.0,0.3,7.2,0.95,10.4
E0340,김지아,남,IDA개발,부장,2000,26,학사,12,0.8,0.7,0.1,0.0,0.2,0.5,0.0,0.0,0.0,0.2,13.3,1.44,15.8
E0341,오건우,여,IDA개발,과장,2016,10,석사,5,0.5,0.0,0.1,0.0,0.0,0.3,0.1,0.2,0.4,0.8,9.0,1.04,11.4
E0342,윤하은,남,IDA개발,사원,2026,0,학사,3,0.5,0.2,0.9,0.2,1.0,0.0,0.2,0.0,0.4,0.5,6.2,0.92,10.1
E0343,류하윤,여,IDA개발,과장,2011,15,학사,9,0.0,0.0,0.5,0.0,1.0,1.2,0.6,0.0,0.0,0.0,9.7,1.18,13.0
E0344,한수빈,여,구동시스템제어기회로설계,과장,2016,10,학사,4,0.2,0.7,0.8,0.2,0.4,0.0,0.0,0.5,0.9,0.0,7.9,1.05,11.6
E0345,권지유,여,구동시스템제어기회로설계,대리,2019,7,석사,1,0.2,0.0,0.0,0.0,0.0,0.1,0.0,0.8,0.1,0.1,6.6,0.72,7.9
E0346,조지훈,남,구동시스템제어기회로설계,과장,2014,12,학사,7,0.0,0.0,1.6,0.7,0.7,0.3,0.0,0.0,0.0,0.0,7.8,1.01,11.1
E0347,강지아,여,구동시스템제어기회로설계,사원,2024,2,학사,4,0.0,0.2,0.2,0.3,0.5,0.0,0.1,0.0,0.2,0.0,5.5,0.64,7.0
E0348,류소율,남,구동시스템제어기회로설계,과장,2014,12,학사,6,0.0,0.0,0.2,0.0,1.1,0.8,0.1,0.0,0.0,0.7,8.2,1.01,11.1
E0349,조민준,남,구동시스템제어기회로설계,사원,2020,6,학사,2,0.5,0.0,0.0,0.5,0.0,0.0,0.0,0.0,0.1,0.2,6.5,0.71,7.8
E0350,전지훈,남,구동시스템제어기회로설계,과장,2019,7,석사,5,0.0,0.3,0.0,0.0,0.2,0.2,0.0,0.1,0.6,0.0,6.8,0.75,8.2
E0351,오지호,남,구동시스템제어기회로설계,대리,2017,9,학사,3,0.7,0.0,0.0,0.4,0.5,0.9,0.0,0.0,0.0,0.0,7.3,0.89,9.8
E0352,장수아,남,모터제어SW,사원,2026,0,석사,1,0.6,0.0,2.0,0.4,0.0,0.1,3.4,0.0,0.0,0.3,0.5,0.66,7.3
E0353,이하은,여,모터제어SW,사원,2026,0,학사,0,0.2,0.3,1.6,0.0,0.1,0.4,2.5,0.0,0.0,0.2,0.0,0.48,5.3
E0354,장다은,남,모터제어SW,차장,2006,20,박사,10,0.0,0.7,4.8,0.0,0.5,0.5,7.2,0.0,0.7,0.0,0.0,1.31,14.4
E0355,최지호,여,모터제어SW,과장,2014,12,학사,7,0.0,0.7,4.2,0.0,0.8,0.6,5.2,0.0,0.0,0.0,0.0,1.05,11.5
E0356,권다은,남,모터제어SW,대리,2021,5,학사,5,1.4,0.0,3.9,0.0,0.0,0.0,4.6,0.0,0.9,0.2,0.0,1.0,11.0
E0357,안성민,남,모터제어SW,과장,2012,14,학사,7,0.3,0.1,4.1,0.5,0.0,0.0,7.5,0.1,0.7,0.0,0.4,1.25,13.7
E0358,김서윤,남,모터제어SW,대리,2018,8,학사,5,0.0,0.0,2.3,0.9,0.0,0.0,5.3,0.2,0.0,0.0,0.5,0.84,9.2
E0359,한성민,여,모터제어SW,대리,2019,7,학사,2,0.0,0.0,2.8,1.3,0.0,0.0,3.6,0.0,0.4,0.0,0.0,0.74,8.1
E0360,신유준,남,모터제어SW,사원,2026,0,학사,3,0.8,0.0,1.6,0.0,0.4,0.2,4.0,0.0,0.0,0.1,0.6,0.7,7.7
E0361,안하은,남,모터제어SW,대리,2018,8,학사,4,0.0,0.3,2.3,0.0,1.8,0.4,5.3,0.2,0.0,0.8,0.3,1.04,11.4
E0362,신우진,여,모터제어SW,사원,2026,0,석사,1,0.3,0.0,2.3,0.0,0.5,0.0,3.6,0.7,0.0,0.0,0.4,0.71,7.8
E0363,강예준,여,차량성능튜닝평가,차장,2011,15,박사,5,0.5,0.0,0.3,0.0,0.8,9.2,0.0,0.0,0.7,0.0,0.2,1.06,11.7
E0364,황성민,여,차량성능튜닝평가,대리,2017,9,석사,6,0.2,0.4,0.3,0.1,0.0,8.5,0.7,0.0,0.0,0.3,0.0,0.95,10.5
E0365,최성민,남,차량성능튜닝평가,대리,2024,2,학사,0,0.7,0.1,0.0,0.0,0.0,5.6,0.0,0.0,0.0,0.0,0.4,0.62,6.8
E0366,최정우,여,차량성능튜닝평가,사원,2026,0,석사,2,0.0,0.4,0.0,0.0,0.0,5.8,1.3,0.0,0.0,0.0,0.0,0.68,7.5
E0367,한수빈,여,차량성능튜닝평가,과장,2013,13,박사,11,0.0,0.0,0.0,0.0,0.7,11.3,0.2,0.1,0.9,0.0,0.1,1.21,13.3
E0368,한현우,남,차량성능튜닝평가,사원,2024,2,석사,2,0.7,0.0,0.0,0.0,0.3,5.7,0.2,0.3,0.4,0.0,0.0,0.69,7.6
E0369,윤준서,여,차량성능튜닝평가,과장,2016,10,학사,9,0.7,0.0,0.9,0.1,0.1,10.5,0.0,0.0,0.7,0.5,0.5,1.27,14.0
E0370,한성민,남,차량성능튜닝평가,대리,2021,5,석사,2,0.0,0.0,0.3,0.3,0.1,7.7,0.5,0.3,0.0,0.2,0.2,0.87,9.6
E0371,권지아,남,제어시스템기능안전,사원,2026,0,학사,1,0.0,0.0,0.5,0.0,0.7,0.0,5.5,0.6,0.0,0.0,0.0,0.66,7.3
E0372,안하윤,남,제어시스템기능안전,사원,2023,3,석사,3,0.9,0.0,0.1,0.0,0.0,0.4,5.6,0.3,0.0,0.0,0.4,0.7,7.7
E0373,조윤서,남,제어시스템기능안전,대리,2023,3,학사,4,0.5,0.3,0.0,0.0,0.0,0.0,7.2,0.2,0.5,0.2,0.0,0.81,8.9
E0374,서수아,남,제어시스템기능안전,사원,2023,3,학사,4,0.5,0.0,0.2,0.3,0.0,0.0,8.0,0.1,0.0,0.0,0.4,0.86,9.5
E0375,신수빈,남,제어시스템기능안전,대리,2024,2,학사,3,1.2,0.4,0.6,0.1,0.5,0.0,6.8,0.1,0.6,0.1,0.0,0.95,10.4
E0376,류예린,남,제어시스템기능안전,대리,2024,2,학사,1,0.0,0.0,0.0,0.7,0.5,0.0,5.6,0.0,0.3,0.4,0.0,0.68,7.5
E0377,안준서,남,제어시스템기능안전,사원,2023,3,석사,2,0.5,0.3,0.3,0.6,0.0,0.4,5.6,0.6,0.3,0.7,0.0,0.85,9.3
E0378,서은서,남,제어시스템기능안전,대리,2023,3,박사,4,0.1,0.2,0.3,0.5,0.7,0.1,6.1,0.0,0.1,0.0,0.0,0.74,8.1
E0379,한현우,남,제어시스템기능안전,사원,2026,0,박사,4,0.5,0.0,0.0,0.0,0.8,0.0,5.2,0.0,0.0,0.7,0.0,0.65,7.2
E0380,송현우,남,제어시스템기능안전,사원,2021,5,학사,3,1.1,0.0,0.1,0.4,0.0,0.0,6.9,0.0,0.0,0.2,0.6,0.85,9.3
E0381,전예린,남,제어시스템기능안전,부장,2000,26,석사,12,0.0,0.0,0.0,0.0,0.0,0.5,13.3,0.0,0.2,0.1,0.6,1.34,14.7
E0382,류하은,남,제어시스템기능안전,대리,2020,6,박사,4,0.0,0.0,0.0,0.0,0.0,0.0,7.8,0.3,0.3,0.2,0.0,0.78,8.6
E0383,한예준,남,제어시스템기능안전,사원,2025,1,석사,3,0.0,0.2,0.1,0.1,0.0,0.5,6.9,0.0,0.3,0.0,0.8,0.81,8.9
E0384,안서연,남,제어시스템기능안전,사원,2025,1,학사,6,0.0,0.6,0.0,0.0,0.1,1.4,7.6,0.4,0.0,0.0,0.0,0.92,10.1
E0385,최서연,여,제어시스템기능안전,사원,2025,1,학사,4,0.4,0.3,0.1,0.0,0.1,1.2,5.9,0.1,0.0,0.5,0.1,0.79,8.7
E0386,강하윤,남,AX_RnD프로세스고도화,대리,2018,8,학사,2,0.0,4.3,0.0,0.0,0.4,0.0,0.5,3.8,0.0,0.6,0.0,0.87,9.6
E0387,윤수아,남,AX_RnD프로세스고도화,대리,2020,6,석사,3,0.4,5.7,0.7,0.4,0.5,0.5,0.0,2.3,0.3,0.0,0.0,0.98,10.8
E0388,안지호,남,AX_RnD프로세스고도화,차장,2012,14,학사,7,0.1,6.8,0.0,0.0,0.2,0.1,0.2,5.0,0.0,0.0,0.6,1.18,13.0
E0389,임은서,남,AX_RnD프로세스고도화,사원,2024,2,학사,1,0.3,3.7,0.6,0.0,0.6,0.6,0.0,2.1,0.3,1.0,0.0,0.84,9.2
E0390,최지호,여,AX_RnD프로세스고도화,과장,2015,11,석사,8,0.3,5.9,0.2,0.0,0.0,1.2,0.1,4.9,0.2,0.0,0.0,1.16,12.8
E0391,오서연,남,AX_RnD프로세스고도화,부장,2000,26,박사,10,0.1,9.2,0.0,0.0,1.0,0.0,0.0,5.5,0.5,0.0,0.0,1.48,16.3
E0392,최성민,남,AX_RnD프로세스고도화,대리,2019,7,학사,6,0.1,5.9,0.0,0.0,0.1,0.2,0.2,3.2,0.0,0.0,0.2,0.9,9.9
E0393,황예준,남,AX_RnD프로세스고도화,과장,2016,10,학사,10,0.0,7.0,0.0,0.6,0.0,0.0,0.9,5.1,0.0,1.3,0.1,1.36,15.0
E0394,한수빈,남,AX_RnD프로세스고도화,과장,2019,7,학사,2,0.0,5.0,0.0,0.1,0.0,0.0,0.0,3.3,0.0,0.0,0.2,0.78,8.6
E0395,이정우,남,AX_RnD프로세스고도화,대리,2022,4,석사,1,0.0,3.5,0.0,0.1,0.0,0.3,0.3,3.0,0.1,0.3,0.9,0.77,8.5
E0396,김지훈,여,AX_RnD프로세스고도화,과장,2018,8,학사,6,0.0,4.5,0.0,0.0,0.6,0.0,0.0,3.1,0.4,0.8,0.0,0.85,9.4
E0397,신서연,남,AX_RnD프로세스고도화,대리,2023,3,학사,4,0.8,3.1,0.0,0.0,0.3,0.3,0.4,2.3,0.0,0.5,0.6,0.75,8.3
E0398,전수빈,남,AX_RnD프로세스고도화,대리,2018,8,학사,5,0.0,4.3,1.0,0.3,0.6,0.7,0.0,2.4,0.2,0.4,0.0,0.9,9.9
E0399,서지호,남,AX_RnD프로세스고도화,사원,2022,4,학사,6,0.3,3.5,0.4,0.0,0.4,0.0,0.0,3.5,0.0,0.6,0.0,0.79,8.7
E0400,전우진,남,AX_RnD프로세스고도화,사원,2026,0,학사,2,0.0,3.0,0.2,0.0,0.0,0.0,0.0,1.8,0.0,0.3,0.0,0.48,5.3
E0401,전지호,남,CVJ설계원가,부장,2006,20,학사,11,0.0,12.9,0.0,1.9,0.5,0.0,0.2,0.0,0.0,0.1,0.4,1.45,16.0
E0402,서지유,남,CVJ설계원가,대리,2024,2,학사,5,0.3,7.6,0.3,0.0,0.1,0.0,1.0,0.0,0.5,0.2,0.0,0.91,10.0
E0403,서준서,남,CVJ설계원가,사원,2022,4,학사,1,0.0,5.3,0.0,0.5,0.0,0.3,0.6,0.2,0.0,0.0,0.5,0.67,7.4
E0404,윤성민,여,CVJ설계원가,대리,2024,2,학사,6,0.4,7.3,0.7,0.0,0.2,0.0,0.0,0.6,0.4,0.2,0.3,0.92,10.1
E0405,홍준서,남,CVJ설계원가,사원,2024,2,석사,2,0.3,5.9,0.5,0.0,0.1,0.0,0.0,0.0,0.2,0.7,0.5,0.75,8.2
E0406,정성민,여,CVJ설계원가,과장,2016,10,학사,6,0.7,9.5,0.5,0.5,0.2,0.1,0.7,1.3,0.0,0.3,0.6,1.31,14.4
E0407,권서연,남,CVJ설계원가,과장,2016,10,학사,3,0.1,8.1,0.1,0.3,0.5,0.2,0.1,1.0,0.0,0.1,0.2,0.97,10.7
E0408,박현우,남,CVJ설계원가,사원,2024,2,학사,3,1.7,6.8,0.9,0.2,0.0,0.4,0.0,0.0,0.0,0.4,0.0,0.95,10.4
E0409,오다은,남,CVJ설계원가,대리,2020,6,석사,3,0.1,7.0,0.1,0.9,0.1,0.0,0.0,0.0,0.0,0.0,0.5,0.79,8.7
E0410,윤소율,남,HVAC설계,대리,2023,3,학사,8,0.0,0.6,0.0,1.2,2.6,0.0,0.0,0.6,3.9,0.6,0.1,0.87,9.6
E0411,안현우,남,HVAC설계,차장,2012,14,학사,4,0.0,0.5,0.2,0.4,3.5,1.0,0.0,0.0,4.7,0.0,0.0,0.94,10.3
E0412,홍선우,남,HVAC설계,대리,2015,11,석사,4,0.0,0.6,0.2,0.0,3.2,0.0,0.9,0.0,5.2,0.0,0.0,0.92,10.1
E0413,장수아,남,HVAC설계,과장,2020,6,학사,2,0.0,0.7,0.0,0.0,3.7,1.0,0.3,0.4,4.6,0.1,0.6,1.04,11.4
E0414,장준서,남,HVAC설계,사원,2024,2,학사,4,0.4,0.0,0.0,0.1,2.3,0.0,0.0,0.3,3.7,0.0,0.0,0.62,6.8
E0415,한은서,남,HVAC설계,사원,2026,0,석사,2,0.2,0.0,0.0,0.0,1.8,0.0,0.0,0.8,3.8,0.0,0.0,0.6,6.6
E0416,서건우,여,HVAC설계,차장,2009,17,학사,7,0.0,1.0,0.0,0.0,4.6,0.3,0.1,0.4,7.4,0.0,0.3,1.28,14.1
E0417,권재현,여,HVAC설계,과장,2016,10,학사,4,0.7,0.0,0.1,0.0,2.9,0.9,0.0,0.1,4.9,0.0,0.2,0.89,9.8
E0418,임정우,여,HVAC설계,대리,2018,8,학사,2,0.0,0.3,0.0,0.0,3.5,0.9,0.5,0.9,3.9,0.0,0.0,0.91,10.0
E0419,한하윤,여,HVAC설계,차장,2010,16,학사,11,0.0,0.4,0.2,0.0,4.0,0.0,0.1,0.1,8.1,1.5,0.0,1.31,14.4
E0420,장수빈,여,HVAC설계,과장,2016,10,학사,5,0.0,1.1,0.0,0.2,3.1,0.0,0.2,0.0,5.4,0.0,1.6,1.05,11.6
E0421,류지우,남,HVAC설계,대리,2021,5,석사,4,0.0,0.0,0.4,1.1,2.4,0.1,0.0,0.0,4.6,0.0,0.0,0.78,8.6
E0422,강하은,여,컴프레셔설계,사원,2026,0,학사,3,0.0,0.4,0.0,0.5,0.0,5.6,0.4,0.0,0.0,0.0,0.1,0.64,7.0
E0423,전지유,여,컴프레셔설계,대리,2020,6,학사,6,0.6,0.0,0.5,0.0,0.1,8.1,0.7,0.1,0.2,0.0,0.0,0.94,10.3
E0424,최준서,남,컴프레셔설계,과장,2014,12,학사,7,0.5,0.0,0.5,0.0,0.3,9.6,1.4,0.0,0.0,0.0,0.2,1.14,12.5
E0425,류수빈,여,컴프레셔설계,사원,2018,8,박사,5,0.6,0.0,0.0,0.4,0.2,7.2,0.0,0.0,0.1,0.5,0.2,0.84,9.2
E0426,최서윤,남,컴프레셔설계,사원,2024,2,학사,1,0.3,0.1,0.2,0.1,0.2,6.0,0.0,0.0,0.7,0.1,0.0,0.7,7.7
E0427,권예린,남,컴프레셔설계,과장,2016,10,학사,2,0.2,0.1,0.6,0.3,0.0,8.0,0.0,0.0,0.1,0.0,0.0,0.85,9.3
E0428,김재현,남,컴프레셔설계,차장,2009,17,학사,12,0.6,0.0,0.0,0.5,0.4,11.4,0.0,0.3,0.0,0.6,0.2,1.27,14.0
E0429,장서윤,남,컴프레셔설계,과장,2018,8,박사,6,0.2,0.0,0.0,0.0,0.0,8.3,0.2,0.3,0.0,0.0,0.3,0.85,9.3
E0430,임소율,남,컴프레셔설계,과장,2015,11,학사,6,0.5,0.5,0.0,0.0,0.5,9.0,0.4,0.3,0.0,0.3,0.2,1.06,11.7
E0431,장민재,여,컴프레셔설계,사원,2023,3,학사,2,0.0,0.0,0.4,0.0,0.4,6.5,0.0,0.5,0.0,0.1,0.0,0.72,7.9
E0432,장도윤,여,컴프레셔설계,대리,2017,9,학사,7,0.1,0.9,0.0,1.1,0.1,10.0,0.0,0.1,0.0,0.6,0.5,1.22,13.4
E0433,임성민,남,컴프레셔설계,차장,2006,20,학사,11,0.0,1.5,0.2,0.0,0.8,11.1,0.0,0.4,0.1,0.2,0.3,1.33,14.6
E0434,한민재,남,컴프레셔설계,대리,2023,3,학사,3,0.0,0.3,0.0,0.0,0.2,6.7,0.0,0.4,0.4,0.8,0.3,0.83,9.1
E0435,조은서,남,컴프레셔설계,차장,2010,16,석사,5,1.0,0.3,0.0,0.2,0.1,10.5,0.0,0.1,0.0,0.4,0.5,1.19,13.1
E0436,서하윤,여,컴프레셔설계,과장,2018,8,학사,3,0.0,0.0,0.4,0.0,0.2,8.0,0.1,0.0,0.0,0.6,0.0,0.85,9.3
E0437,권하은,여,열교환기설계,과장,2011,15,학사,7,0.2,4.6,0.0,0.0,0.3,0.3,0.0,1.0,5.7,0.3,0.6,1.18,13.0
E0438,안서연,남,열교환기설계,대리,2020,6,학사,2,0.2,2.9,0.0,0.1,0.0,0.0,0.0,0.0,4.4,0.0,0.9,0.77,8.5
E0439,오서윤,여,열교환기설계,대리,2020,6,석사,1,0.0,2.7,0.0,0.3,0.0,0.2,0.0,0.3,2.9,0.6,0.0,0.64,7.0
E0440,신서윤,남,열교환기설계,사원,2025,1,학사,0,0.2,2.7,0.6,0.1,0.7,0.0,0.4,0.2,2.7,0.1,0.2,0.72,7.9
E0441,임유준,남,열교환기설계,사원,2023,3,학사,5,0.2,3.1,0.0,0.3,0.4,0.5,0.0,0.0,3.0,0.5,0.1,0.74,8.1
E0442,장채원,여,열교환기설계,과장,2014,12,학사,3,0.3,4.0,0.0,0.3,0.6,0.0,0.0,0.0,4.9,0.2,0.0,0.94,10.3
E0443,조은서,여,열교환기설계,대리,2016,10,석사,6,0.2,3.2,1.3,0.0,1.2,0.0,0.7,0.5,4.8,0.2,0.2,1.12,12.3
E0444,강민재,남,열교환기설계,대리,2022,4,박사,3,0.0,2.7,0.0,0.2,0.2,0.0,0.3,0.0,3.5,0.0,1.1,0.73,8.0
E0445,권서연,여,열교환기설계,과장,2016,10,학사,3,0.0,3.9,0.0,0.5,0.0,0.2,0.0,0.5,3.6,0.3,0.4,0.85,9.4
E0446,김수빈,여,열교환기설계,사원,2026,0,학사,3,0.6,3.5,0.1,1.0,0.0,0.0,0.0,0.0,4.7,0.0,0.0,0.9,9.9
E0447,조우진,남,열교환기설계,대리,2017,9,학사,4,0.8,2.7,0.7,0.0,0.0,0.5,0.6,0.7,3.7,0.0,0.5,0.93,10.2
E0448,오재현,남,열교환기설계,대리,2021,5,학사,5,0.1,2.0,1.0,0.4,0.8,0.6,0.0,0.3,4.3,0.0,0.8,0.94,10.3
E0449,신하윤,여,열교환기설계,과장,2013,13,학사,7,0.2,4.0,0.0,0.0,0.0,1.0,0.3,0.1,5.4,0.3,0.3,1.05,11.6
E0450,신지훈,여,열관리공조시스템설계,사원,2023,3,학사,4,0.3,0.0,0.0,0.0,0.0,0.3,0.0,0.0,7.1,0.1,0.0,0.71,7.8
E0451,박민재,여,열관리공조시스템설계,과장,2015,11,학사,6,1.3,0.2,0.0,0.0,0.0,0.8,0.6,0.1,8.3,0.1,0.7,1.1,12.1
E0452,정수빈,남,열관리공조시스템설계,사원,2020,6,학사,1,0.0,0.2,0.6,0.8,0.1,0.0,0.0,0.0,5.7,0.0,0.2,0.69,7.6
E0453,황정우,남,열관리공조시스템설계,대리,2020,6,석사,6,0.0,0.0,0.0,0.0,0.0,0.4,0.0,0.0,8.4,0.0,0.5,0.85,9.3
E0454,전은서,남,열관리공조시스템설계,과장,2018,8,학사,6,0.0,0.2,0.2,0.0,0.0,0.5,0.0,0.0,9.5,0.0,0.3,0.97,10.7
E0455,류우진,남,열관리공조시스템설계,사원,2026,0,석사,4,0.0,0.1,0.9,0.6,0.4,0.0,0.0,0.4,5.1,0.0,0.0,0.68,7.5
E0456,오지아,여,열관리공조시스템설계,차장,2005,21,석사,7,0.2,0.0,0.0,0.0,0.2,0.1,0.0,0.0,11.9,0.7,0.9,1.27,14.0
E0457,안하은,남,열관리공조시스템설계,대리,2023,3,학사,1,0.7,0.5,0.0,0.0,0.0,0.0,0.6,0.0,6.4,0.3,0.0,0.77,8.5
E0458,이정우,남,열관리공조시스템설계,대리,2023,3,학사,2,0.0,0.4,0.3,0.1,0.0,0.5,0.0,0.6,6.0,0.0,0.6,0.77,8.5
E0459,한지우,여,열관리공조시스템설계,과장,2009,17,학사,6,0.0,0.0,0.0,0.1,0.0,0.0,0.5,0.2,11.3,0.1,0.1,1.12,12.3
E0460,권지유,남,열관리공조시스템설계,대리,2018,8,학사,8,0.0,0.8,0.3,0.0,1.0,0.0,0.0,1.2,8.7,0.2,0.0,1.11,12.2
E0461,조지우,남,열관리공조시스템설계,대리,2018,8,학사,3,0.0,0.0,0.5,0.0,0.2,0.0,0.1,0.0,7.9,0.0,0.1,0.8,8.8
E0462,황정우,여,열관리공조시스템설계,대리,2016,10,학사,6,0.9,0.0,0.5,0.0,0.0,0.0,0.0,0.0,8.7,0.2,0.0,0.94,10.3
E0463,권준서,남,열관리공조시스템설계,대리,2022,4,학사,1,0.4,0.0,0.0,0.0,0.0,0.6,0.3,0.0,7.1,0.0,0.0,0.76,8.4
E0464,황지유,남,열관리공조시스템설계,사원,2026,0,학사,1,0.6,0.0,0.0,0.0,0.0,0.0,0.0,0.5,5.1,0.0,0.0,0.56,6.2
E0465,정은서,여,열관리AI1D,차장,2007,19,학사,15,0.4,0.8,0.3,0.0,0.0,0.7,0.0,1.3,12.5,0.4,0.6,1.55,17.0
E0466,장소율,여,열관리AI1D,대리,2025,1,학사,1,0.0,0.9,0.3,0.0,0.1,0.8,0.0,0.3,6.0,0.2,0.0,0.78,8.6
E0467,조지훈,여,열관리AI1D,사원,2024,2,학사,1,0.0,0.0,0.0,0.4,0.4,0.6,0.7,0.0,5.3,0.0,0.3,0.7,7.7
E0468,송서연,남,열관리AI1D,차장,2010,16,석사,12,0.0,0.6,0.0,0.2,0.6,0.4,0.7,0.5,11.3,0.8,0.4,1.41,15.5
E0469,황지호,남,열관리AI1D,사원,2017,9,학사,4,0.1,0.0,0.0,0.0,0.0,0.2,0.0,0.0,7.3,0.0,0.2,0.71,7.8
E0470,권지아,남,열관리AI1D,과장,2013,13,석사,11,0.7,0.0,0.6,0.1,0.1,0.7,1.6,0.2,11.0,0.5,0.9,1.49,16.4
E0471,강다은,남,열관리AI1D,부장,2002,24,학사,15,1.6,0.1,0.5,0.3,1.3,0.6,0.0,0.0,13.4,0.0,0.4,1.65,18.2
E0472,정서연,여,열관리AI1D,사원,2021,5,학사,3,0.2,0.1,0.4,0.0,0.2,0.0,0.3,0.2,6.1,0.4,0.6,0.77,8.5
E0473,류지우,남,열관리AI1D,대리,2020,6,학사,7,0.0,0.0,0.0,1.2,0.2,0.3,0.1,0.9,7.8,1.1,0.0,1.05,11.6
E0474,서하윤,남,열관리AI1D,차장,2007,19,학사,10,0.0,0.3,0.1,0.6,0.0,0.0,0.4,0.1,12.5,0.1,1.2,1.39,15.3
E0475,이재현,여,열관리AI1D,대리,2021,5,학사,2,0.0,0.5,0.0,0.0,0.0,0.0,0.2,0.8,6.1,0.0,0.3,0.72,7.9
E0476,서민재,여,열관리AI1D,사원,2021,5,학사,6,0.3,0.5,0.0,0.2,0.1,0.4,0.8,0.5,6.5,0.0,0.0,0.85,9.3
E0477,이지호,여,열관리AI1D,사원,2026,0,학사,4,0.1,1.1,0.0,0.0,0.4,0.0,0.5,0.0,4.7,0.0,0.0,0.62,6.8
E0478,윤다은,남,열관리AI1D,사원,2021,5,학사,3,0.0,0.1,0.0,0.5,0.3,0.0,0.7,0.4,5.7,0.1,0.5,0.75,8.3
E0479,황지아,여,열관리AI1D,차장,2011,15,학사,10,0.6,1.3,0.0,0.3,0.2,0.2,0.8,0.2,10.2,0.1,1.5,1.4,15.4
E0480,한건우,남,대체냉매선행개발,대리,2023,3,학사,3,0.6,0.0,0.8,0.0,0.5,0.2,0.0,0.5,7.0,0.0,0.6,0.93,10.2
E0481,서서연,남,대체냉매선행개발,대리,2017,9,학사,4,0.9,0.1,0.8,0.4,0.3,1.4,0.0,0.3,7.0,0.8,0.1,1.1,12.1
E0482,강지호,남,대체냉매선행개발,과장,2016,10,학사,11,0.0,0.9,0.8,0.0,0.7,0.0,0.4,0.1,9.1,0.6,0.7,1.21,13.3
E0483,황하은,여,대체냉매선행개발,과장,2012,14,석사,11,0.4,0.3,0.0,0.3,0.8,0.0,0.2,0.1,11.1,0.7,0.5,1.31,14.4
E0484,서성민,남,대체냉매선행개발,사원,2026,0,석사,5,0.5,0.0,0.5,0.1,0.3,0.6,0.6,0.2,6.9,0.0,0.1,0.89,9.8
E0485,황건우,여,대체냉매선행개발,사원,2023,3,학사,2,0.3,0.0,0.0,0.1,0.0,0.0,0.8,0.0,6.1,0.4,0.0,0.7,7.7
E0486,정현우,남,대체냉매선행개발,대리,2022,4,석사,2,0.3,0.4,0.3,0.0,0.6,0.9,0.6,0.6,6.0,0.2,0.8,0.97,10.7
E0487,권서연,여,대체냉매선행개발,사원,2026,0,학사,3,0.0,0.3,0.2,0.7,0.8,0.2,0.0,0.0,5.3,0.0,0.0,0.68,7.5
E0488,류다은,남,대체냉매선행개발,과장,2011,15,학사,8,0.2,0.2,0.1,0.1,0.0,0.1,0.4,0.4,12.2,0.6,0.0,1.3,14.3
E0489,정우진,여,대체냉매선행개발,대리,2022,4,석사,2,0.0,0.4,0.2,1.0,0.3,0.0,0.1,0.3,5.9,0.0,0.0,0.75,8.2
E0490,임하은,남,대체냉매선행개발,대리,2024,2,학사,3,0.0,0.0,0.2,0.5,0.7,0.3,0.0,0.3,6.8,0.0,0.5,0.85,9.3
E0491,이선우,여,대체냉매선행개발,대리,2020,6,학사,4,0.9,0.0,0.2,0.9,0.0,0.0,0.1,0.0,7.9,0.8,0.6,1.04,11.4
E0492,정민준,남,대체냉매선행개발,사원,2025,1,학사,4,0.6,0.7,0.5,0.0,0.0,0.2,0.0,0.0,6.4,0.2,0.0,0.78,8.6
E0493,황민재,남,대체냉매선행개발,사원,2023,3,학사,4,0.3,0.2,0.0,0.0,0.1,0.0,0.1,0.0,5.3,0.0,0.1,0.55,6.1
E0494,임서윤,여,대체냉매선행개발,사원,2026,0,학사,3,0.6,0.5,0.4,0.4,0.0,0.5,0.0,0.6,5.2,0.0,0.2,0.76,8.4
E0495,박지호,여,열관리시스템시험,부장,2003,23,석사,7,0.5,0.4,0.0,0.8,0.3,0.0,1.2,0.8,11.6,0.2,0.0,1.44,15.8
E0496,임하은,여,열관리시스템시험,대리,2022,4,학사,0,0.0,0.0,0.1,0.0,0.0,0.2,0.0,0.0,5.9,0.0,0.1,0.57,6.3
E0497,홍건우,남,열관리시스템시험,부장,2007,19,학사,5,0.0,0.6,0.0,0.0,0.5,0.2,0.0,0.2,11.8,0.0,1.2,1.32,14.5
E0498,신우진,여,열관리시스템시험,차장,2011,15,석사,6,0.0,1.7,0.2,0.1,0.1,0.0,0.0,0.7,11.2,0.2,0.0,1.29,14.2
E0499,임수빈,남,열관리시스템시험,사원,2025,1,석사,4,0.0,0.0,0.0,0.6,0.9,0.7,0.0,0.0,5.6,0.1,0.0,0.72,7.9
E0500,신하윤,여,열관리시스템시험,사원,2020,6,학사,2,0.6,0.3,0.5,0.2,0.0,0.0,0.1,0.5,6.0,1.1,0.3,0.87,9.6
E0501,서하윤,남,열관리시스템시험,사원,2024,2,석사,6,0.2,0.0,0.0,0.0,0.0,0.2,0.0,0.1,7.2,0.8,0.1,0.78,8.6
E0502,이지훈,여,열관리시스템시험,과장,2014,12,학사,6,0.0,0.0,0.6,0.0,0.1,1.1,0.0,0.0,9.0,0.0,0.4,1.02,11.2
E0503,전성민,남,열관리시스템시험,사원,2022,4,학사,2,0.1,0.0,0.0,0.0,0.0,0.0,0.0,0.1,6.4,0.0,1.1,0.7,7.7
E0504,최성민,여,열관리시스템시험,대리,2020,6,석사,4,0.0,0.1,0.0,0.0,0.7,0.0,0.0,0.0,8.4,0.0,0.1,0.85,9.3
E0505,안유준,남,열관리시스템시험,대리,2018,8,학사,7,0.8,0.0,0.8,0.2,0.0,0.6,0.0,0.7,9.3,0.0,0.6,1.18,13.0
E0506,조민재,남,열관리시스템시험,과장,2016,10,석사,4,0.4,0.3,0.0,0.0,0.0,0.9,0.0,0.0,9.1,0.5,0.0,1.02,11.2
E0507,장하은,남,열관리시스템시험,사원,2023,3,학사,5,0.0,0.8,0.1,0.1,0.8,0.0,0.6,0.1,7.0,0.9,0.0,0.95,10.4
